solid OpenSCAD_Model
  facet normal -0.671564 -0.740946 0
    outer loop
      vertex -5.65685 -5.65685 193.5
      vertex -5.07515 -6.18408 201.5
      vertex -5.65685 -5.65685 201.5
    endloop
  endfacet
  facet normal -0.671564 -0.740946 -0
    outer loop
      vertex -5.07515 -6.18408 201.5
      vertex -5.65685 -5.65685 193.5
      vertex -5.07515 -6.18408 193.5
    endloop
  endfacet
  facet normal -0.941547 0.336883 0
    outer loop
      vertex -7.65552 2.32228 193.5
      vertex -7.39104 3.06147 201.5
      vertex -7.39104 3.06147 193.5
    endloop
  endfacet
  facet normal -0.941547 0.336883 0
    outer loop
      vertex -7.39104 3.06147 201.5
      vertex -7.65552 2.32228 193.5
      vertex -7.65552 2.32228 201.5
    endloop
  endfacet
  facet normal 0.989176 0.146736 0
    outer loop
      vertex 7.96148 0.784137 201.5
      vertex 7.84628 1.56072 193.5
      vertex 7.84628 1.56072 201.5
    endloop
  endfacet
  facet normal 0.989176 0.146736 0
    outer loop
      vertex 7.84628 1.56072 193.5
      vertex 7.96148 0.784137 201.5
      vertex 7.96148 0.784137 193.5
    endloop
  endfacet
  facet normal 0.998796 0.0490649 0
    outer loop
      vertex 8 0 201.5
      vertex 7.96148 0.784137 193.5
      vertex 7.96148 0.784137 201.5
    endloop
  endfacet
  facet normal 0.998796 0.0490649 0
    outer loop
      vertex 7.96148 0.784137 193.5
      vertex 8 0 201.5
      vertex 8 0 193.5
    endloop
  endfacet
  facet normal -0.514099 -0.857731 0
    outer loop
      vertex -4.44456 -6.65176 193.5
      vertex -3.77117 -7.05537 201.5
      vertex -4.44456 -6.65176 201.5
    endloop
  endfacet
  facet normal -0.514099 -0.857731 -0
    outer loop
      vertex -3.77117 -7.05537 201.5
      vertex -4.44456 -6.65176 193.5
      vertex -3.77117 -7.05537 193.5
    endloop
  endfacet
  facet normal 0.671564 0.740946 -0
    outer loop
      vertex 5.65685 5.65685 193.5
      vertex 5.07515 6.18408 201.5
      vertex 5.65685 5.65685 201.5
    endloop
  endfacet
  facet normal 0.671564 0.740946 0
    outer loop
      vertex 5.07515 6.18408 201.5
      vertex 5.65685 5.65685 193.5
      vertex 5.07515 6.18408 193.5
    endloop
  endfacet
  facet normal -0.146736 -0.989176 0
    outer loop
      vertex -1.56072 -7.84628 193.5
      vertex -0.784137 -7.96148 201.5
      vertex -1.56072 -7.84628 201.5
    endloop
  endfacet
  facet normal -0.146736 -0.989176 -0
    outer loop
      vertex -0.784137 -7.96148 201.5
      vertex -1.56072 -7.84628 193.5
      vertex -0.784137 -7.96148 193.5
    endloop
  endfacet
  facet normal 0.740946 0.671564 0
    outer loop
      vertex 6.18408 5.07515 201.5
      vertex 5.65685 5.65685 193.5
      vertex 5.65685 5.65685 201.5
    endloop
  endfacet
  facet normal 0.740946 0.671564 0
    outer loop
      vertex 5.65685 5.65685 193.5
      vertex 6.18408 5.07515 201.5
      vertex 6.18408 5.07515 193.5
    endloop
  endfacet
  facet normal 0.427562 0.903986 -0
    outer loop
      vertex 3.77117 7.05537 193.5
      vertex 3.06147 7.39104 201.5
      vertex 3.77117 7.05537 201.5
    endloop
  endfacet
  facet normal 0.427562 0.903986 0
    outer loop
      vertex 3.06147 7.39104 201.5
      vertex 3.77117 7.05537 193.5
      vertex 3.06147 7.39104 193.5
    endloop
  endfacet
  facet normal 0.0490649 -0.998796 0
    outer loop
      vertex 0 -8 193.5
      vertex 0.784137 -7.96148 201.5
      vertex 0 -8 201.5
    endloop
  endfacet
  facet normal 0.0490649 -0.998796 0
    outer loop
      vertex 0.784137 -7.96148 201.5
      vertex 0 -8 193.5
      vertex 0.784137 -7.96148 193.5
    endloop
  endfacet
  facet normal 0.989176 -0.146736 0
    outer loop
      vertex 7.84628 -1.56072 201.5
      vertex 7.96148 -0.784137 193.5
      vertex 7.96148 -0.784137 201.5
    endloop
  endfacet
  facet normal 0.989176 -0.146736 0
    outer loop
      vertex 7.96148 -0.784137 193.5
      vertex 7.84628 -1.56072 201.5
      vertex 7.84628 -1.56072 193.5
    endloop
  endfacet
  facet normal 0.903986 0.427562 0
    outer loop
      vertex 7.39104 3.06147 201.5
      vertex 7.05537 3.77117 193.5
      vertex 7.05537 3.77117 201.5
    endloop
  endfacet
  facet normal 0.903986 0.427562 0
    outer loop
      vertex 7.05537 3.77117 193.5
      vertex 7.39104 3.06147 201.5
      vertex 7.39104 3.06147 193.5
    endloop
  endfacet
  facet normal -0.242979 0.970032 0
    outer loop
      vertex -1.56072 7.84628 193.5
      vertex -2.32228 7.65552 201.5
      vertex -1.56072 7.84628 201.5
    endloop
  endfacet
  facet normal -0.242979 0.970032 0
    outer loop
      vertex -2.32228 7.65552 201.5
      vertex -1.56072 7.84628 193.5
      vertex -2.32228 7.65552 193.5
    endloop
  endfacet
  facet normal -0.803206 0.595701 0
    outer loop
      vertex -6.65176 4.44456 193.5
      vertex -6.18408 5.07515 201.5
      vertex -6.18408 5.07515 193.5
    endloop
  endfacet
  facet normal -0.803206 0.595701 0
    outer loop
      vertex -6.18408 5.07515 201.5
      vertex -6.65176 4.44456 193.5
      vertex -6.65176 4.44456 201.5
    endloop
  endfacet
  facet normal 0.242979 0.970032 -0
    outer loop
      vertex 2.32228 7.65552 193.5
      vertex 1.56072 7.84628 201.5
      vertex 2.32228 7.65552 201.5
    endloop
  endfacet
  facet normal 0.242979 0.970032 0
    outer loop
      vertex 1.56072 7.84628 201.5
      vertex 2.32228 7.65552 193.5
      vertex 1.56072 7.84628 193.5
    endloop
  endfacet
  facet normal 0.336883 0.941547 -0
    outer loop
      vertex 3.06147 7.39104 193.5
      vertex 2.32228 7.65552 201.5
      vertex 3.06147 7.39104 201.5
    endloop
  endfacet
  facet normal 0.336883 0.941547 0
    outer loop
      vertex 2.32228 7.65552 201.5
      vertex 3.06147 7.39104 193.5
      vertex 2.32228 7.65552 193.5
    endloop
  endfacet
  facet normal 0.941547 0.336883 0
    outer loop
      vertex 7.65552 2.32228 201.5
      vertex 7.39104 3.06147 193.5
      vertex 7.39104 3.06147 201.5
    endloop
  endfacet
  facet normal 0.941547 0.336883 0
    outer loop
      vertex 7.39104 3.06147 193.5
      vertex 7.65552 2.32228 201.5
      vertex 7.65552 2.32228 193.5
    endloop
  endfacet
  facet normal 0.595701 0.803206 -0
    outer loop
      vertex 5.07515 6.18408 193.5
      vertex 4.44456 6.65176 201.5
      vertex 5.07515 6.18408 201.5
    endloop
  endfacet
  facet normal 0.595701 0.803206 0
    outer loop
      vertex 4.44456 6.65176 201.5
      vertex 5.07515 6.18408 193.5
      vertex 4.44456 6.65176 193.5
    endloop
  endfacet
  facet normal -0.857731 -0.514099 0
    outer loop
      vertex -6.65176 -4.44456 193.5
      vertex -7.05537 -3.77117 201.5
      vertex -7.05537 -3.77117 193.5
    endloop
  endfacet
  facet normal -0.857731 -0.514099 0
    outer loop
      vertex -7.05537 -3.77117 201.5
      vertex -6.65176 -4.44456 193.5
      vertex -6.65176 -4.44456 201.5
    endloop
  endfacet
  facet normal 0.514099 0.857731 -0
    outer loop
      vertex 4.44456 6.65176 193.5
      vertex 3.77117 7.05537 201.5
      vertex 4.44456 6.65176 201.5
    endloop
  endfacet
  facet normal 0.514099 0.857731 0
    outer loop
      vertex 3.77117 7.05537 201.5
      vertex 4.44456 6.65176 193.5
      vertex 3.77117 7.05537 193.5
    endloop
  endfacet
  facet normal 0.941547 -0.336883 0
    outer loop
      vertex 7.39104 -3.06147 201.5
      vertex 7.65552 -2.32228 193.5
      vertex 7.65552 -2.32228 201.5
    endloop
  endfacet
  facet normal 0.941547 -0.336883 0
    outer loop
      vertex 7.65552 -2.32228 193.5
      vertex 7.39104 -3.06147 201.5
      vertex 7.39104 -3.06147 193.5
    endloop
  endfacet
  facet normal -0.857731 0.514099 0
    outer loop
      vertex -7.05537 3.77117 193.5
      vertex -6.65176 4.44456 201.5
      vertex -6.65176 4.44456 193.5
    endloop
  endfacet
  facet normal -0.857731 0.514099 0
    outer loop
      vertex -6.65176 4.44456 201.5
      vertex -7.05537 3.77117 193.5
      vertex -7.05537 3.77117 201.5
    endloop
  endfacet
  facet normal -0.970032 -0.242979 0
    outer loop
      vertex -7.65552 -2.32228 193.5
      vertex -7.84628 -1.56072 201.5
      vertex -7.84628 -1.56072 193.5
    endloop
  endfacet
  facet normal -0.970032 -0.242979 0
    outer loop
      vertex -7.84628 -1.56072 201.5
      vertex -7.65552 -2.32228 193.5
      vertex -7.65552 -2.32228 201.5
    endloop
  endfacet
  facet normal 0.0490649 0.998796 -0
    outer loop
      vertex 0.784137 7.96148 193.5
      vertex 0 8 201.5
      vertex 0.784137 7.96148 201.5
    endloop
  endfacet
  facet normal 0.0490649 0.998796 0
    outer loop
      vertex 0 8 201.5
      vertex 0.784137 7.96148 193.5
      vertex 0 8 193.5
    endloop
  endfacet
  facet normal 0.857731 0.514099 0
    outer loop
      vertex 7.05537 3.77117 201.5
      vertex 6.65176 4.44456 193.5
      vertex 6.65176 4.44456 201.5
    endloop
  endfacet
  facet normal 0.857731 0.514099 0
    outer loop
      vertex 6.65176 4.44456 193.5
      vertex 7.05537 3.77117 201.5
      vertex 7.05537 3.77117 193.5
    endloop
  endfacet
  facet normal -0.941547 -0.336883 0
    outer loop
      vertex -7.39104 -3.06147 193.5
      vertex -7.65552 -2.32228 201.5
      vertex -7.65552 -2.32228 193.5
    endloop
  endfacet
  facet normal -0.941547 -0.336883 0
    outer loop
      vertex -7.65552 -2.32228 201.5
      vertex -7.39104 -3.06147 193.5
      vertex -7.39104 -3.06147 201.5
    endloop
  endfacet
  facet normal -0.671564 0.740946 0
    outer loop
      vertex -5.07515 6.18408 193.5
      vertex -5.65685 5.65685 201.5
      vertex -5.07515 6.18408 201.5
    endloop
  endfacet
  facet normal -0.671564 0.740946 0
    outer loop
      vertex -5.65685 5.65685 201.5
      vertex -5.07515 6.18408 193.5
      vertex -5.65685 5.65685 193.5
    endloop
  endfacet
  facet normal 0.970032 -0.242979 0
    outer loop
      vertex 7.65552 -2.32228 201.5
      vertex 7.84628 -1.56072 193.5
      vertex 7.84628 -1.56072 201.5
    endloop
  endfacet
  facet normal 0.970032 -0.242979 0
    outer loop
      vertex 7.84628 -1.56072 193.5
      vertex 7.65552 -2.32228 201.5
      vertex 7.65552 -2.32228 193.5
    endloop
  endfacet
  facet normal 0 0 -1
    outer loop
      vertex 6 0 193.5
      vertex 8 0 193.5
      vertex 7.96148 -0.784137 193.5
    endloop
  endfacet
  facet normal 0 0 -1
    outer loop
      vertex 5.97111 -0.588102 193.5
      vertex 7.96148 -0.784137 193.5
      vertex 7.84628 -1.56072 193.5
    endloop
  endfacet
  facet normal 0 0 -1
    outer loop
      vertex 8 0 193.5
      vertex 6 0 193.5
      vertex 7.96148 0.784137 193.5
    endloop
  endfacet
  facet normal 0 0 -1
    outer loop
      vertex 5.88471 -1.17054 193.5
      vertex 7.84628 -1.56072 193.5
      vertex 7.65552 -2.32228 193.5
    endloop
  endfacet
  facet normal 0 0 -1
    outer loop
      vertex 5.97111 0.588102 193.5
      vertex 7.96148 0.784137 193.5
      vertex 6 0 193.5
    endloop
  endfacet
  facet normal 0 0 -1
    outer loop
      vertex 5.74164 -1.74171 193.5
      vertex 7.65552 -2.32228 193.5
      vertex 7.39104 -3.06147 193.5
    endloop
  endfacet
  facet normal -0 0 -1
    outer loop
      vertex 7.96148 0.784137 193.5
      vertex 5.97111 0.588102 193.5
      vertex 7.84628 1.56072 193.5
    endloop
  endfacet
  facet normal 0 0 -1
    outer loop
      vertex 5.54328 -2.2961 193.5
      vertex 7.39104 -3.06147 193.5
      vertex 7.05537 -3.77117 193.5
    endloop
  endfacet
  facet normal 0 0 -1
    outer loop
      vertex 5.88471 1.17054 193.5
      vertex 7.84628 1.56072 193.5
      vertex 5.97111 0.588102 193.5
    endloop
  endfacet
  facet normal 0 0 -1
    outer loop
      vertex 5.29153 -2.82838 193.5
      vertex 7.05537 -3.77117 193.5
      vertex 6.65176 -4.44456 193.5
    endloop
  endfacet
  facet normal -0 0 -1
    outer loop
      vertex 7.84628 1.56072 193.5
      vertex 5.88471 1.17054 193.5
      vertex 7.65552 2.32228 193.5
    endloop
  endfacet
  facet normal 0 0 -1
    outer loop
      vertex 4.98882 -3.33342 193.5
      vertex 6.65176 -4.44456 193.5
      vertex 6.18408 -5.07515 193.5
    endloop
  endfacet
  facet normal 0 0 -1
    outer loop
      vertex 5.74164 1.74171 193.5
      vertex 7.65552 2.32228 193.5
      vertex 5.88471 1.17054 193.5
    endloop
  endfacet
  facet normal -0 0 -1
    outer loop
      vertex 7.65552 2.32228 193.5
      vertex 5.74164 1.74171 193.5
      vertex 7.39104 3.06147 193.5
    endloop
  endfacet
  facet normal 0 0 -1
    outer loop
      vertex 7.96148 -0.784137 193.5
      vertex 5.97111 -0.588102 193.5
      vertex 6 0 193.5
    endloop
  endfacet
  facet normal 0 0 -1
    outer loop
      vertex 7.84628 -1.56072 193.5
      vertex 5.88471 -1.17054 193.5
      vertex 5.97111 -0.588102 193.5
    endloop
  endfacet
  facet normal 0 0 -1
    outer loop
      vertex 7.65552 -2.32228 193.5
      vertex 5.74164 -1.74171 193.5
      vertex 5.88471 -1.17054 193.5
    endloop
  endfacet
  facet normal 0 0 -1
    outer loop
      vertex 4.63806 -3.80636 193.5
      vertex 6.18408 -5.07515 193.5
      vertex 5.65685 -5.65685 193.5
    endloop
  endfacet
  facet normal 0 0 -1
    outer loop
      vertex 7.39104 -3.06147 193.5
      vertex 5.54328 -2.2961 193.5
      vertex 5.74164 -1.74171 193.5
    endloop
  endfacet
  facet normal 0 0 -1
    outer loop
      vertex 7.05537 -3.77117 193.5
      vertex 5.29153 -2.82838 193.5
      vertex 5.54328 -2.2961 193.5
    endloop
  endfacet
  facet normal 0 0 -1
    outer loop
      vertex 4.24264 -4.24264 193.5
      vertex 5.65685 -5.65685 193.5
      vertex 5.07515 -6.18408 193.5
    endloop
  endfacet
  facet normal 0 0 -1
    outer loop
      vertex 6.65176 -4.44456 193.5
      vertex 4.98882 -3.33342 193.5
      vertex 5.29153 -2.82838 193.5
    endloop
  endfacet
  facet normal 0 0 -1
    outer loop
      vertex 6.18408 -5.07515 193.5
      vertex 4.63806 -3.80636 193.5
      vertex 4.98882 -3.33342 193.5
    endloop
  endfacet
  facet normal 0 0 -1
    outer loop
      vertex 3.80636 -4.63806 193.5
      vertex 5.07515 -6.18408 193.5
      vertex 4.44456 -6.65176 193.5
    endloop
  endfacet
  facet normal 0 0 -1
    outer loop
      vertex 5.65685 -5.65685 193.5
      vertex 4.24264 -4.24264 193.5
      vertex 4.63806 -3.80636 193.5
    endloop
  endfacet
  facet normal 0 0 -1
    outer loop
      vertex 5.07515 -6.18408 193.5
      vertex 3.80636 -4.63806 193.5
      vertex 4.24264 -4.24264 193.5
    endloop
  endfacet
  facet normal 0 0 -1
    outer loop
      vertex 3.33342 -4.98882 193.5
      vertex 4.44456 -6.65176 193.5
      vertex 3.77117 -7.05537 193.5
    endloop
  endfacet
  facet normal 0 0 -1
    outer loop
      vertex 4.44456 -6.65176 193.5
      vertex 3.33342 -4.98882 193.5
      vertex 3.80636 -4.63806 193.5
    endloop
  endfacet
  facet normal 0 0 -1
    outer loop
      vertex 2.82838 -5.29153 193.5
      vertex 3.77117 -7.05537 193.5
      vertex 3.06147 -7.39104 193.5
    endloop
  endfacet
  facet normal 0 0 -1
    outer loop
      vertex 3.77117 -7.05537 193.5
      vertex 2.82838 -5.29153 193.5
      vertex 3.33342 -4.98882 193.5
    endloop
  endfacet
  facet normal 0 0 -1
    outer loop
      vertex 2.2961 -5.54328 193.5
      vertex 3.06147 -7.39104 193.5
      vertex 2.32228 -7.65552 193.5
    endloop
  endfacet
  facet normal 0 0 -1
    outer loop
      vertex 3.06147 -7.39104 193.5
      vertex 2.2961 -5.54328 193.5
      vertex 2.82838 -5.29153 193.5
    endloop
  endfacet
  facet normal 0 0 -1
    outer loop
      vertex 2.32228 -7.65552 193.5
      vertex 1.74171 -5.74164 193.5
      vertex 2.2961 -5.54328 193.5
    endloop
  endfacet
  facet normal 0 0 -1
    outer loop
      vertex 1.56072 -7.84628 193.5
      vertex 1.74171 -5.74164 193.5
      vertex 2.32228 -7.65552 193.5
    endloop
  endfacet
  facet normal 0 0 -1
    outer loop
      vertex 1.56072 -7.84628 193.5
      vertex 1.17054 -5.88471 193.5
      vertex 1.74171 -5.74164 193.5
    endloop
  endfacet
  facet normal 0 0 -1
    outer loop
      vertex 0.784137 -7.96148 193.5
      vertex 1.17054 -5.88471 193.5
      vertex 1.56072 -7.84628 193.5
    endloop
  endfacet
  facet normal 0 0 -1
    outer loop
      vertex 0.784137 -7.96148 193.5
      vertex 0.588102 -5.97111 193.5
      vertex 1.17054 -5.88471 193.5
    endloop
  endfacet
  facet normal 0 0 -1
    outer loop
      vertex 0 -8 193.5
      vertex 0.588102 -5.97111 193.5
      vertex 0.784137 -7.96148 193.5
    endloop
  endfacet
  facet normal 0 0 -1
    outer loop
      vertex 0 -8 193.5
      vertex 0 -6 193.5
      vertex 0.588102 -5.97111 193.5
    endloop
  endfacet
  facet normal 0 0 -1
    outer loop
      vertex 0 -8 193.5
      vertex -0.588102 -5.97111 193.5
      vertex 0 -6 193.5
    endloop
  endfacet
  facet normal 0 0 -1
    outer loop
      vertex -0.784137 -7.96148 193.5
      vertex -0.588102 -5.97111 193.5
      vertex 0 -8 193.5
    endloop
  endfacet
  facet normal 0 0 -1
    outer loop
      vertex -0.784137 -7.96148 193.5
      vertex -1.17054 -5.88471 193.5
      vertex -0.588102 -5.97111 193.5
    endloop
  endfacet
  facet normal 0 0 -1
    outer loop
      vertex -1.56072 -7.84628 193.5
      vertex -1.17054 -5.88471 193.5
      vertex -0.784137 -7.96148 193.5
    endloop
  endfacet
  facet normal 0 0 -1
    outer loop
      vertex -1.56072 -7.84628 193.5
      vertex -1.74171 -5.74164 193.5
      vertex -1.17054 -5.88471 193.5
    endloop
  endfacet
  facet normal 0 0 -1
    outer loop
      vertex -2.32228 -7.65552 193.5
      vertex -1.74171 -5.74164 193.5
      vertex -1.56072 -7.84628 193.5
    endloop
  endfacet
  facet normal -0 0 -1
    outer loop
      vertex -1.74171 -5.74164 193.5
      vertex -2.32228 -7.65552 193.5
      vertex -2.2961 -5.54328 193.5
    endloop
  endfacet
  facet normal 0 0 -1
    outer loop
      vertex -3.06147 -7.39104 193.5
      vertex -2.2961 -5.54328 193.5
      vertex -2.32228 -7.65552 193.5
    endloop
  endfacet
  facet normal -0 0 -1
    outer loop
      vertex -2.2961 -5.54328 193.5
      vertex -3.06147 -7.39104 193.5
      vertex -2.82838 -5.29153 193.5
    endloop
  endfacet
  facet normal 0 0 -1
    outer loop
      vertex -3.77117 -7.05537 193.5
      vertex -2.82838 -5.29153 193.5
      vertex -3.06147 -7.39104 193.5
    endloop
  endfacet
  facet normal -0 0 -1
    outer loop
      vertex -2.82838 -5.29153 193.5
      vertex -3.77117 -7.05537 193.5
      vertex -3.33342 -4.98882 193.5
    endloop
  endfacet
  facet normal 0 0 -1
    outer loop
      vertex -4.44456 -6.65176 193.5
      vertex -3.33342 -4.98882 193.5
      vertex -3.77117 -7.05537 193.5
    endloop
  endfacet
  facet normal -0 0 -1
    outer loop
      vertex -3.33342 -4.98882 193.5
      vertex -4.44456 -6.65176 193.5
      vertex -3.80636 -4.63806 193.5
    endloop
  endfacet
  facet normal 0 0 -1
    outer loop
      vertex -5.07515 -6.18408 193.5
      vertex -3.80636 -4.63806 193.5
      vertex -4.44456 -6.65176 193.5
    endloop
  endfacet
  facet normal -0 0 -1
    outer loop
      vertex -3.80636 -4.63806 193.5
      vertex -5.07515 -6.18408 193.5
      vertex -4.24264 -4.24264 193.5
    endloop
  endfacet
  facet normal 0 0 -1
    outer loop
      vertex -5.65685 -5.65685 193.5
      vertex -4.24264 -4.24264 193.5
      vertex -5.07515 -6.18408 193.5
    endloop
  endfacet
  facet normal -0 0 -1
    outer loop
      vertex -4.24264 -4.24264 193.5
      vertex -5.65685 -5.65685 193.5
      vertex -4.63806 -3.80636 193.5
    endloop
  endfacet
  facet normal 0 0 -1
    outer loop
      vertex -6.18408 -5.07515 193.5
      vertex -4.63806 -3.80636 193.5
      vertex -5.65685 -5.65685 193.5
    endloop
  endfacet
  facet normal -0 0 -1
    outer loop
      vertex -4.63806 -3.80636 193.5
      vertex -6.18408 -5.07515 193.5
      vertex -4.98882 -3.33342 193.5
    endloop
  endfacet
  facet normal 0 0 -1
    outer loop
      vertex -6.65176 -4.44456 193.5
      vertex -4.98882 -3.33342 193.5
      vertex -6.18408 -5.07515 193.5
    endloop
  endfacet
  facet normal -0 0 -1
    outer loop
      vertex -4.98882 -3.33342 193.5
      vertex -6.65176 -4.44456 193.5
      vertex -5.29153 -2.82838 193.5
    endloop
  endfacet
  facet normal 0 0 -1
    outer loop
      vertex -7.05537 -3.77117 193.5
      vertex -5.29153 -2.82838 193.5
      vertex -6.65176 -4.44456 193.5
    endloop
  endfacet
  facet normal -0 0 -1
    outer loop
      vertex -5.29153 -2.82838 193.5
      vertex -7.05537 -3.77117 193.5
      vertex -5.54328 -2.2961 193.5
    endloop
  endfacet
  facet normal -0 0 -1
    outer loop
      vertex -5.54328 -2.2961 193.5
      vertex -7.39104 -3.06147 193.5
      vertex -5.74164 -1.74171 193.5
    endloop
  endfacet
  facet normal 0 0 -1
    outer loop
      vertex -7.39104 -3.06147 193.5
      vertex -5.54328 -2.2961 193.5
      vertex -7.05537 -3.77117 193.5
    endloop
  endfacet
  facet normal 0 0 -1
    outer loop
      vertex 5.54328 2.2961 193.5
      vertex 7.39104 3.06147 193.5
      vertex 5.74164 1.74171 193.5
    endloop
  endfacet
  facet normal -0 0 -1
    outer loop
      vertex 7.39104 3.06147 193.5
      vertex 5.54328 2.2961 193.5
      vertex 7.05537 3.77117 193.5
    endloop
  endfacet
  facet normal 0 0 -1
    outer loop
      vertex 5.29153 2.82838 193.5
      vertex 7.05537 3.77117 193.5
      vertex 5.54328 2.2961 193.5
    endloop
  endfacet
  facet normal -0 0 -1
    outer loop
      vertex 7.05537 3.77117 193.5
      vertex 5.29153 2.82838 193.5
      vertex 6.65176 4.44456 193.5
    endloop
  endfacet
  facet normal 0 0 -1
    outer loop
      vertex 4.98882 3.33342 193.5
      vertex 6.65176 4.44456 193.5
      vertex 5.29153 2.82838 193.5
    endloop
  endfacet
  facet normal -0 0 -1
    outer loop
      vertex 6.65176 4.44456 193.5
      vertex 4.98882 3.33342 193.5
      vertex 6.18408 5.07515 193.5
    endloop
  endfacet
  facet normal 0 0 -1
    outer loop
      vertex 4.63806 3.80636 193.5
      vertex 6.18408 5.07515 193.5
      vertex 4.98882 3.33342 193.5
    endloop
  endfacet
  facet normal -0 0 -1
    outer loop
      vertex 6.18408 5.07515 193.5
      vertex 4.63806 3.80636 193.5
      vertex 5.65685 5.65685 193.5
    endloop
  endfacet
  facet normal 0 0 -1
    outer loop
      vertex 4.24264 4.24264 193.5
      vertex 5.65685 5.65685 193.5
      vertex 4.63806 3.80636 193.5
    endloop
  endfacet
  facet normal -0 0 -1
    outer loop
      vertex 5.65685 5.65685 193.5
      vertex 4.24264 4.24264 193.5
      vertex 5.07515 6.18408 193.5
    endloop
  endfacet
  facet normal 0 0 -1
    outer loop
      vertex 3.80636 4.63806 193.5
      vertex 5.07515 6.18408 193.5
      vertex 4.24264 4.24264 193.5
    endloop
  endfacet
  facet normal -0 0 -1
    outer loop
      vertex 5.07515 6.18408 193.5
      vertex 3.80636 4.63806 193.5
      vertex 4.44456 6.65176 193.5
    endloop
  endfacet
  facet normal 0 0 -1
    outer loop
      vertex 3.33342 4.98882 193.5
      vertex 4.44456 6.65176 193.5
      vertex 3.80636 4.63806 193.5
    endloop
  endfacet
  facet normal -0 0 -1
    outer loop
      vertex 4.44456 6.65176 193.5
      vertex 3.33342 4.98882 193.5
      vertex 3.77117 7.05537 193.5
    endloop
  endfacet
  facet normal 0 0 -1
    outer loop
      vertex 2.82838 5.29153 193.5
      vertex 3.77117 7.05537 193.5
      vertex 3.33342 4.98882 193.5
    endloop
  endfacet
  facet normal -0 0 -1
    outer loop
      vertex 3.77117 7.05537 193.5
      vertex 2.82838 5.29153 193.5
      vertex 3.06147 7.39104 193.5
    endloop
  endfacet
  facet normal 0 0 -1
    outer loop
      vertex 2.2961 5.54328 193.5
      vertex 3.06147 7.39104 193.5
      vertex 2.82838 5.29153 193.5
    endloop
  endfacet
  facet normal -0 0 -1
    outer loop
      vertex 3.06147 7.39104 193.5
      vertex 2.2961 5.54328 193.5
      vertex 2.32228 7.65552 193.5
    endloop
  endfacet
  facet normal 0 0 -1
    outer loop
      vertex 1.74171 5.74164 193.5
      vertex 2.32228 7.65552 193.5
      vertex 2.2961 5.54328 193.5
    endloop
  endfacet
  facet normal 0 0 -1
    outer loop
      vertex 1.74171 5.74164 193.5
      vertex 1.56072 7.84628 193.5
      vertex 2.32228 7.65552 193.5
    endloop
  endfacet
  facet normal 0 0 -1
    outer loop
      vertex 1.17054 5.88471 193.5
      vertex 1.56072 7.84628 193.5
      vertex 1.74171 5.74164 193.5
    endloop
  endfacet
  facet normal 0 0 -1
    outer loop
      vertex 1.17054 5.88471 193.5
      vertex 0.784137 7.96148 193.5
      vertex 1.56072 7.84628 193.5
    endloop
  endfacet
  facet normal 0 0 -1
    outer loop
      vertex 0.588102 5.97111 193.5
      vertex 0.784137 7.96148 193.5
      vertex 1.17054 5.88471 193.5
    endloop
  endfacet
  facet normal 0 0 -1
    outer loop
      vertex 0 6 193.5
      vertex 0.784137 7.96148 193.5
      vertex 0.588102 5.97111 193.5
    endloop
  endfacet
  facet normal 0 0 -1
    outer loop
      vertex 0 6 193.5
      vertex 0 8 193.5
      vertex 0.784137 7.96148 193.5
    endloop
  endfacet
  facet normal 0 0 -1
    outer loop
      vertex -0.588102 5.97111 193.5
      vertex 0 8 193.5
      vertex 0 6 193.5
    endloop
  endfacet
  facet normal 0 0 -1
    outer loop
      vertex -0.588102 5.97111 193.5
      vertex -0.784137 7.96148 193.5
      vertex 0 8 193.5
    endloop
  endfacet
  facet normal 0 0 -1
    outer loop
      vertex -1.17054 5.88471 193.5
      vertex -0.784137 7.96148 193.5
      vertex -0.588102 5.97111 193.5
    endloop
  endfacet
  facet normal 0 0 -1
    outer loop
      vertex -1.17054 5.88471 193.5
      vertex -1.56072 7.84628 193.5
      vertex -0.784137 7.96148 193.5
    endloop
  endfacet
  facet normal 0 0 -1
    outer loop
      vertex -1.74171 5.74164 193.5
      vertex -1.56072 7.84628 193.5
      vertex -1.17054 5.88471 193.5
    endloop
  endfacet
  facet normal 0 0 -1
    outer loop
      vertex -2.32228 7.65552 193.5
      vertex -1.74171 5.74164 193.5
      vertex -2.2961 5.54328 193.5
    endloop
  endfacet
  facet normal 0 0 -1
    outer loop
      vertex -1.74171 5.74164 193.5
      vertex -2.32228 7.65552 193.5
      vertex -1.56072 7.84628 193.5
    endloop
  endfacet
  facet normal 0 0 -1
    outer loop
      vertex -3.06147 7.39104 193.5
      vertex -2.2961 5.54328 193.5
      vertex -2.82838 5.29153 193.5
    endloop
  endfacet
  facet normal 0 0 -1
    outer loop
      vertex -2.2961 5.54328 193.5
      vertex -3.06147 7.39104 193.5
      vertex -2.32228 7.65552 193.5
    endloop
  endfacet
  facet normal 0 0 -1
    outer loop
      vertex -3.77117 7.05537 193.5
      vertex -2.82838 5.29153 193.5
      vertex -3.33342 4.98882 193.5
    endloop
  endfacet
  facet normal 0 0 -1
    outer loop
      vertex -2.82838 5.29153 193.5
      vertex -3.77117 7.05537 193.5
      vertex -3.06147 7.39104 193.5
    endloop
  endfacet
  facet normal 0 0 -1
    outer loop
      vertex -4.44456 6.65176 193.5
      vertex -3.33342 4.98882 193.5
      vertex -3.80636 4.63806 193.5
    endloop
  endfacet
  facet normal 0 0 -1
    outer loop
      vertex -5.07515 6.18408 193.5
      vertex -3.80636 4.63806 193.5
      vertex -4.24264 4.24264 193.5
    endloop
  endfacet
  facet normal 0 0 -1
    outer loop
      vertex -3.33342 4.98882 193.5
      vertex -4.44456 6.65176 193.5
      vertex -3.77117 7.05537 193.5
    endloop
  endfacet
  facet normal 0 0 -1
    outer loop
      vertex -5.65685 5.65685 193.5
      vertex -4.24264 4.24264 193.5
      vertex -4.63806 3.80636 193.5
    endloop
  endfacet
  facet normal 0 0 -1
    outer loop
      vertex -6.18408 5.07515 193.5
      vertex -4.63806 3.80636 193.5
      vertex -4.98882 3.33342 193.5
    endloop
  endfacet
  facet normal 0 0 -1
    outer loop
      vertex -3.80636 4.63806 193.5
      vertex -5.07515 6.18408 193.5
      vertex -4.44456 6.65176 193.5
    endloop
  endfacet
  facet normal 0 0 -1
    outer loop
      vertex -6.65176 4.44456 193.5
      vertex -4.98882 3.33342 193.5
      vertex -5.29153 2.82838 193.5
    endloop
  endfacet
  facet normal 0 0 -1
    outer loop
      vertex -7.05537 3.77117 193.5
      vertex -5.29153 2.82838 193.5
      vertex -5.54328 2.2961 193.5
    endloop
  endfacet
  facet normal 0 0 -1
    outer loop
      vertex -4.24264 4.24264 193.5
      vertex -5.65685 5.65685 193.5
      vertex -5.07515 6.18408 193.5
    endloop
  endfacet
  facet normal 0 0 -1
    outer loop
      vertex -7.39104 3.06147 193.5
      vertex -5.54328 2.2961 193.5
      vertex -5.74164 1.74171 193.5
    endloop
  endfacet
  facet normal 0 0 -1
    outer loop
      vertex -7.65552 2.32228 193.5
      vertex -5.74164 1.74171 193.5
      vertex -5.88471 1.17054 193.5
    endloop
  endfacet
  facet normal 0 0 -1
    outer loop
      vertex -7.84628 1.56072 193.5
      vertex -5.88471 1.17054 193.5
      vertex -5.97111 0.588102 193.5
    endloop
  endfacet
  facet normal 0 0 -1
    outer loop
      vertex -4.63806 3.80636 193.5
      vertex -6.18408 5.07515 193.5
      vertex -5.65685 5.65685 193.5
    endloop
  endfacet
  facet normal 0 0 -1
    outer loop
      vertex -7.96148 0.784137 193.5
      vertex -5.97111 0.588102 193.5
      vertex -6 0 193.5
    endloop
  endfacet
  facet normal 0 0 -1
    outer loop
      vertex -7.65552 -2.32228 193.5
      vertex -5.74164 -1.74171 193.5
      vertex -7.39104 -3.06147 193.5
    endloop
  endfacet
  facet normal -0 0 -1
    outer loop
      vertex -5.74164 -1.74171 193.5
      vertex -7.65552 -2.32228 193.5
      vertex -5.88471 -1.17054 193.5
    endloop
  endfacet
  facet normal 0 0 -1
    outer loop
      vertex -4.98882 3.33342 193.5
      vertex -6.65176 4.44456 193.5
      vertex -6.18408 5.07515 193.5
    endloop
  endfacet
  facet normal 0 0 -1
    outer loop
      vertex -7.84628 -1.56072 193.5
      vertex -5.88471 -1.17054 193.5
      vertex -7.65552 -2.32228 193.5
    endloop
  endfacet
  facet normal 0 0 -1
    outer loop
      vertex -5.29153 2.82838 193.5
      vertex -7.05537 3.77117 193.5
      vertex -6.65176 4.44456 193.5
    endloop
  endfacet
  facet normal -0 0 -1
    outer loop
      vertex -5.88471 -1.17054 193.5
      vertex -7.84628 -1.56072 193.5
      vertex -5.97111 -0.588102 193.5
    endloop
  endfacet
  facet normal 0 0 -1
    outer loop
      vertex -5.54328 2.2961 193.5
      vertex -7.39104 3.06147 193.5
      vertex -7.05537 3.77117 193.5
    endloop
  endfacet
  facet normal 0 0 -1
    outer loop
      vertex -7.96148 -0.784137 193.5
      vertex -5.97111 -0.588102 193.5
      vertex -7.84628 -1.56072 193.5
    endloop
  endfacet
  facet normal 0 0 -1
    outer loop
      vertex -5.74164 1.74171 193.5
      vertex -7.65552 2.32228 193.5
      vertex -7.39104 3.06147 193.5
    endloop
  endfacet
  facet normal -0 0 -1
    outer loop
      vertex -5.97111 -0.588102 193.5
      vertex -7.96148 -0.784137 193.5
      vertex -6 0 193.5
    endloop
  endfacet
  facet normal 0 0 -1
    outer loop
      vertex -5.88471 1.17054 193.5
      vertex -7.84628 1.56072 193.5
      vertex -7.65552 2.32228 193.5
    endloop
  endfacet
  facet normal 0 0 -1
    outer loop
      vertex -8 0 193.5
      vertex -6 0 193.5
      vertex -7.96148 -0.784137 193.5
    endloop
  endfacet
  facet normal 0 0 -1
    outer loop
      vertex -5.97111 0.588102 193.5
      vertex -7.96148 0.784137 193.5
      vertex -7.84628 1.56072 193.5
    endloop
  endfacet
  facet normal 0 0 -1
    outer loop
      vertex -6 0 193.5
      vertex -8 0 193.5
      vertex -7.96148 0.784137 193.5
    endloop
  endfacet
  facet normal -0.514099 0.857731 0
    outer loop
      vertex -3.77117 7.05537 193.5
      vertex -4.44456 6.65176 201.5
      vertex -3.77117 7.05537 201.5
    endloop
  endfacet
  facet normal -0.514099 0.857731 0
    outer loop
      vertex -4.44456 6.65176 201.5
      vertex -3.77117 7.05537 193.5
      vertex -4.44456 6.65176 193.5
    endloop
  endfacet
  facet normal -0.998796 -0.0490649 0
    outer loop
      vertex -7.96148 -0.784137 193.5
      vertex -8 0 201.5
      vertex -8 0 193.5
    endloop
  endfacet
  facet normal -0.998796 -0.0490649 0
    outer loop
      vertex -8 0 201.5
      vertex -7.96148 -0.784137 193.5
      vertex -7.96148 -0.784137 201.5
    endloop
  endfacet
  facet normal -0.970032 0.242979 0
    outer loop
      vertex -7.84628 1.56072 193.5
      vertex -7.65552 2.32228 201.5
      vertex -7.65552 2.32228 193.5
    endloop
  endfacet
  facet normal -0.970032 0.242979 0
    outer loop
      vertex -7.65552 2.32228 201.5
      vertex -7.84628 1.56072 193.5
      vertex -7.84628 1.56072 201.5
    endloop
  endfacet
  facet normal 0.427562 -0.903986 0
    outer loop
      vertex 3.06147 -7.39104 193.5
      vertex 3.77117 -7.05537 201.5
      vertex 3.06147 -7.39104 201.5
    endloop
  endfacet
  facet normal 0.427562 -0.903986 0
    outer loop
      vertex 3.77117 -7.05537 201.5
      vertex 3.06147 -7.39104 193.5
      vertex 3.77117 -7.05537 193.5
    endloop
  endfacet
  facet normal -0.336883 0.941547 0
    outer loop
      vertex -2.32228 7.65552 193.5
      vertex -3.06147 7.39104 201.5
      vertex -2.32228 7.65552 201.5
    endloop
  endfacet
  facet normal -0.336883 0.941547 0
    outer loop
      vertex -3.06147 7.39104 201.5
      vertex -2.32228 7.65552 193.5
      vertex -3.06147 7.39104 193.5
    endloop
  endfacet
  facet normal 0.514099 -0.857731 0
    outer loop
      vertex 3.77117 -7.05537 193.5
      vertex 4.44456 -6.65176 201.5
      vertex 3.77117 -7.05537 201.5
    endloop
  endfacet
  facet normal 0.514099 -0.857731 0
    outer loop
      vertex 4.44456 -6.65176 201.5
      vertex 3.77117 -7.05537 193.5
      vertex 4.44456 -6.65176 193.5
    endloop
  endfacet
  facet normal 0.146736 -0.989176 0
    outer loop
      vertex 0.784137 -7.96148 193.5
      vertex 1.56072 -7.84628 201.5
      vertex 0.784137 -7.96148 201.5
    endloop
  endfacet
  facet normal 0.146736 -0.989176 0
    outer loop
      vertex 1.56072 -7.84628 201.5
      vertex 0.784137 -7.96148 193.5
      vertex 1.56072 -7.84628 193.5
    endloop
  endfacet
  facet normal 0.740946 -0.671564 0
    outer loop
      vertex 5.65685 -5.65685 201.5
      vertex 6.18408 -5.07515 193.5
      vertex 6.18408 -5.07515 201.5
    endloop
  endfacet
  facet normal 0.740946 -0.671564 0
    outer loop
      vertex 6.18408 -5.07515 193.5
      vertex 5.65685 -5.65685 201.5
      vertex 5.65685 -5.65685 193.5
    endloop
  endfacet
  facet normal 0.803206 -0.595701 0
    outer loop
      vertex 6.18408 -5.07515 201.5
      vertex 6.65176 -4.44456 193.5
      vertex 6.65176 -4.44456 201.5
    endloop
  endfacet
  facet normal 0.803206 -0.595701 0
    outer loop
      vertex 6.65176 -4.44456 193.5
      vertex 6.18408 -5.07515 201.5
      vertex 6.18408 -5.07515 193.5
    endloop
  endfacet
  facet normal -0.427562 0.903986 0
    outer loop
      vertex -3.06147 7.39104 193.5
      vertex -3.77117 7.05537 201.5
      vertex -3.06147 7.39104 201.5
    endloop
  endfacet
  facet normal -0.427562 0.903986 0
    outer loop
      vertex -3.77117 7.05537 201.5
      vertex -3.06147 7.39104 193.5
      vertex -3.77117 7.05537 193.5
    endloop
  endfacet
  facet normal -0.595701 0.803206 0
    outer loop
      vertex -4.44456 6.65176 193.5
      vertex -5.07515 6.18408 201.5
      vertex -4.44456 6.65176 201.5
    endloop
  endfacet
  facet normal -0.595701 0.803206 0
    outer loop
      vertex -5.07515 6.18408 201.5
      vertex -4.44456 6.65176 193.5
      vertex -5.07515 6.18408 193.5
    endloop
  endfacet
  facet normal -0.989176 0.146736 0
    outer loop
      vertex -7.96148 0.784137 193.5
      vertex -7.84628 1.56072 201.5
      vertex -7.84628 1.56072 193.5
    endloop
  endfacet
  facet normal -0.989176 0.146736 0
    outer loop
      vertex -7.84628 1.56072 201.5
      vertex -7.96148 0.784137 193.5
      vertex -7.96148 0.784137 201.5
    endloop
  endfacet
  facet normal -0.242979 -0.970032 0
    outer loop
      vertex -2.32228 -7.65552 193.5
      vertex -1.56072 -7.84628 201.5
      vertex -2.32228 -7.65552 201.5
    endloop
  endfacet
  facet normal -0.242979 -0.970032 -0
    outer loop
      vertex -1.56072 -7.84628 201.5
      vertex -2.32228 -7.65552 193.5
      vertex -1.56072 -7.84628 193.5
    endloop
  endfacet
  facet normal 0.970032 0.242979 0
    outer loop
      vertex 7.84628 1.56072 201.5
      vertex 7.65552 2.32228 193.5
      vertex 7.65552 2.32228 201.5
    endloop
  endfacet
  facet normal 0.970032 0.242979 0
    outer loop
      vertex 7.65552 2.32228 193.5
      vertex 7.84628 1.56072 201.5
      vertex 7.84628 1.56072 193.5
    endloop
  endfacet
  facet normal 0.803206 0.595701 0
    outer loop
      vertex 6.65176 4.44456 201.5
      vertex 6.18408 5.07515 193.5
      vertex 6.18408 5.07515 201.5
    endloop
  endfacet
  facet normal 0.803206 0.595701 0
    outer loop
      vertex 6.18408 5.07515 193.5
      vertex 6.65176 4.44456 201.5
      vertex 6.65176 4.44456 193.5
    endloop
  endfacet
  facet normal -0.803206 -0.595701 0
    outer loop
      vertex -6.18408 -5.07515 193.5
      vertex -6.65176 -4.44456 201.5
      vertex -6.65176 -4.44456 193.5
    endloop
  endfacet
  facet normal -0.803206 -0.595701 0
    outer loop
      vertex -6.65176 -4.44456 201.5
      vertex -6.18408 -5.07515 193.5
      vertex -6.18408 -5.07515 201.5
    endloop
  endfacet
  facet normal -0.903986 -0.427562 0
    outer loop
      vertex -7.05537 -3.77117 193.5
      vertex -7.39104 -3.06147 201.5
      vertex -7.39104 -3.06147 193.5
    endloop
  endfacet
  facet normal -0.903986 -0.427562 0
    outer loop
      vertex -7.39104 -3.06147 201.5
      vertex -7.05537 -3.77117 193.5
      vertex -7.05537 -3.77117 201.5
    endloop
  endfacet
  facet normal 0.146736 0.989176 -0
    outer loop
      vertex 1.56072 7.84628 193.5
      vertex 0.784137 7.96148 201.5
      vertex 1.56072 7.84628 201.5
    endloop
  endfacet
  facet normal 0.146736 0.989176 0
    outer loop
      vertex 0.784137 7.96148 201.5
      vertex 1.56072 7.84628 193.5
      vertex 0.784137 7.96148 193.5
    endloop
  endfacet
  facet normal -0.0490649 0.998796 0
    outer loop
      vertex 0 8 193.5
      vertex -0.784137 7.96148 201.5
      vertex 0 8 201.5
    endloop
  endfacet
  facet normal -0.0490649 0.998796 0
    outer loop
      vertex -0.784137 7.96148 201.5
      vertex 0 8 193.5
      vertex -0.784137 7.96148 193.5
    endloop
  endfacet
  facet normal -0.427562 -0.903986 0
    outer loop
      vertex -3.77117 -7.05537 193.5
      vertex -3.06147 -7.39104 201.5
      vertex -3.77117 -7.05537 201.5
    endloop
  endfacet
  facet normal -0.427562 -0.903986 -0
    outer loop
      vertex -3.06147 -7.39104 201.5
      vertex -3.77117 -7.05537 193.5
      vertex -3.06147 -7.39104 193.5
    endloop
  endfacet
  facet normal 0.595701 -0.803206 0
    outer loop
      vertex 4.44456 -6.65176 193.5
      vertex 5.07515 -6.18408 201.5
      vertex 4.44456 -6.65176 201.5
    endloop
  endfacet
  facet normal 0.595701 -0.803206 0
    outer loop
      vertex 5.07515 -6.18408 201.5
      vertex 4.44456 -6.65176 193.5
      vertex 5.07515 -6.18408 193.5
    endloop
  endfacet
  facet normal 0.998796 -0.0490649 0
    outer loop
      vertex 7.96148 -0.784137 201.5
      vertex 8 0 193.5
      vertex 8 0 201.5
    endloop
  endfacet
  facet normal 0.998796 -0.0490649 0
    outer loop
      vertex 8 0 193.5
      vertex 7.96148 -0.784137 201.5
      vertex 7.96148 -0.784137 193.5
    endloop
  endfacet
  facet normal -0.146736 0.989176 0
    outer loop
      vertex -0.784137 7.96148 193.5
      vertex -1.56072 7.84628 201.5
      vertex -0.784137 7.96148 201.5
    endloop
  endfacet
  facet normal -0.146736 0.989176 0
    outer loop
      vertex -1.56072 7.84628 201.5
      vertex -0.784137 7.96148 193.5
      vertex -1.56072 7.84628 193.5
    endloop
  endfacet
  facet normal -0.989176 -0.146736 0
    outer loop
      vertex -7.84628 -1.56072 193.5
      vertex -7.96148 -0.784137 201.5
      vertex -7.96148 -0.784137 193.5
    endloop
  endfacet
  facet normal -0.989176 -0.146736 0
    outer loop
      vertex -7.96148 -0.784137 201.5
      vertex -7.84628 -1.56072 193.5
      vertex -7.84628 -1.56072 201.5
    endloop
  endfacet
  facet normal 0.336883 -0.941547 0
    outer loop
      vertex 2.32228 -7.65552 193.5
      vertex 3.06147 -7.39104 201.5
      vertex 2.32228 -7.65552 201.5
    endloop
  endfacet
  facet normal 0.336883 -0.941547 0
    outer loop
      vertex 3.06147 -7.39104 201.5
      vertex 2.32228 -7.65552 193.5
      vertex 3.06147 -7.39104 193.5
    endloop
  endfacet
  facet normal 0.242979 -0.970032 0
    outer loop
      vertex 1.56072 -7.84628 193.5
      vertex 2.32228 -7.65552 201.5
      vertex 1.56072 -7.84628 201.5
    endloop
  endfacet
  facet normal 0.242979 -0.970032 0
    outer loop
      vertex 2.32228 -7.65552 201.5
      vertex 1.56072 -7.84628 193.5
      vertex 2.32228 -7.65552 193.5
    endloop
  endfacet
  facet normal -0.903986 0.427562 0
    outer loop
      vertex -7.39104 3.06147 193.5
      vertex -7.05537 3.77117 201.5
      vertex -7.05537 3.77117 193.5
    endloop
  endfacet
  facet normal -0.903986 0.427562 0
    outer loop
      vertex -7.05537 3.77117 201.5
      vertex -7.39104 3.06147 193.5
      vertex -7.39104 3.06147 201.5
    endloop
  endfacet
  facet normal -0.740946 -0.671564 0
    outer loop
      vertex -5.65685 -5.65685 193.5
      vertex -6.18408 -5.07515 201.5
      vertex -6.18408 -5.07515 193.5
    endloop
  endfacet
  facet normal -0.740946 -0.671564 0
    outer loop
      vertex -6.18408 -5.07515 201.5
      vertex -5.65685 -5.65685 193.5
      vertex -5.65685 -5.65685 201.5
    endloop
  endfacet
  facet normal -0.595701 -0.803206 0
    outer loop
      vertex -5.07515 -6.18408 193.5
      vertex -4.44456 -6.65176 201.5
      vertex -5.07515 -6.18408 201.5
    endloop
  endfacet
  facet normal -0.595701 -0.803206 -0
    outer loop
      vertex -4.44456 -6.65176 201.5
      vertex -5.07515 -6.18408 193.5
      vertex -4.44456 -6.65176 193.5
    endloop
  endfacet
  facet normal 0.903986 -0.427562 0
    outer loop
      vertex 7.05537 -3.77117 201.5
      vertex 7.39104 -3.06147 193.5
      vertex 7.39104 -3.06147 201.5
    endloop
  endfacet
  facet normal 0.903986 -0.427562 0
    outer loop
      vertex 7.39104 -3.06147 193.5
      vertex 7.05537 -3.77117 201.5
      vertex 7.05537 -3.77117 193.5
    endloop
  endfacet
  facet normal 0.857731 -0.514099 0
    outer loop
      vertex 6.65176 -4.44456 201.5
      vertex 7.05537 -3.77117 193.5
      vertex 7.05537 -3.77117 201.5
    endloop
  endfacet
  facet normal 0.857731 -0.514099 0
    outer loop
      vertex 7.05537 -3.77117 193.5
      vertex 6.65176 -4.44456 201.5
      vertex 6.65176 -4.44456 193.5
    endloop
  endfacet
  facet normal -0.740946 0.671564 0
    outer loop
      vertex -6.18408 5.07515 193.5
      vertex -5.65685 5.65685 201.5
      vertex -5.65685 5.65685 193.5
    endloop
  endfacet
  facet normal -0.740946 0.671564 0
    outer loop
      vertex -5.65685 5.65685 201.5
      vertex -6.18408 5.07515 193.5
      vertex -6.18408 5.07515 201.5
    endloop
  endfacet
  facet normal -0.0490649 -0.998796 0
    outer loop
      vertex -0.784137 -7.96148 193.5
      vertex 0 -8 201.5
      vertex -0.784137 -7.96148 201.5
    endloop
  endfacet
  facet normal -0.0490649 -0.998796 -0
    outer loop
      vertex 0 -8 201.5
      vertex -0.784137 -7.96148 193.5
      vertex 0 -8 193.5
    endloop
  endfacet
  facet normal 0 0 1
    outer loop
      vertex 6 0 201.5
      vertex 8 0 201.5
      vertex 7.96148 0.784137 201.5
    endloop
  endfacet
  facet normal 0 0 1
    outer loop
      vertex 5.97111 0.588102 201.5
      vertex 7.96148 0.784137 201.5
      vertex 7.84628 1.56072 201.5
    endloop
  endfacet
  facet normal 0 0 1
    outer loop
      vertex 8 0 201.5
      vertex 6 0 201.5
      vertex 7.96148 -0.784137 201.5
    endloop
  endfacet
  facet normal 0 0 1
    outer loop
      vertex 5.88471 1.17054 201.5
      vertex 7.84628 1.56072 201.5
      vertex 7.65552 2.32228 201.5
    endloop
  endfacet
  facet normal -0 0 1
    outer loop
      vertex 5.97111 -0.588102 201.5
      vertex 7.96148 -0.784137 201.5
      vertex 6 0 201.5
    endloop
  endfacet
  facet normal 0 0 1
    outer loop
      vertex 5.74164 1.74171 201.5
      vertex 7.65552 2.32228 201.5
      vertex 7.39104 3.06147 201.5
    endloop
  endfacet
  facet normal 0 0 1
    outer loop
      vertex 7.96148 -0.784137 201.5
      vertex 5.97111 -0.588102 201.5
      vertex 7.84628 -1.56072 201.5
    endloop
  endfacet
  facet normal 0 0 1
    outer loop
      vertex 5.54328 2.2961 201.5
      vertex 7.39104 3.06147 201.5
      vertex 7.05537 3.77117 201.5
    endloop
  endfacet
  facet normal -0 0 1
    outer loop
      vertex 5.88471 -1.17054 201.5
      vertex 7.84628 -1.56072 201.5
      vertex 5.97111 -0.588102 201.5
    endloop
  endfacet
  facet normal 0 0 1
    outer loop
      vertex 5.29153 2.82838 201.5
      vertex 7.05537 3.77117 201.5
      vertex 6.65176 4.44456 201.5
    endloop
  endfacet
  facet normal 0 0 1
    outer loop
      vertex 7.84628 -1.56072 201.5
      vertex 5.88471 -1.17054 201.5
      vertex 7.65552 -2.32228 201.5
    endloop
  endfacet
  facet normal 0 0 1
    outer loop
      vertex 4.98882 3.33342 201.5
      vertex 6.65176 4.44456 201.5
      vertex 6.18408 5.07515 201.5
    endloop
  endfacet
  facet normal -0 0 1
    outer loop
      vertex 5.74164 -1.74171 201.5
      vertex 7.65552 -2.32228 201.5
      vertex 5.88471 -1.17054 201.5
    endloop
  endfacet
  facet normal 0 0 1
    outer loop
      vertex 7.65552 -2.32228 201.5
      vertex 5.74164 -1.74171 201.5
      vertex 7.39104 -3.06147 201.5
    endloop
  endfacet
  facet normal 0 0 1
    outer loop
      vertex 7.96148 0.784137 201.5
      vertex 5.97111 0.588102 201.5
      vertex 6 0 201.5
    endloop
  endfacet
  facet normal 0 0 1
    outer loop
      vertex 7.84628 1.56072 201.5
      vertex 5.88471 1.17054 201.5
      vertex 5.97111 0.588102 201.5
    endloop
  endfacet
  facet normal 0 0 1
    outer loop
      vertex 7.65552 2.32228 201.5
      vertex 5.74164 1.74171 201.5
      vertex 5.88471 1.17054 201.5
    endloop
  endfacet
  facet normal 0 0 1
    outer loop
      vertex 4.63806 3.80636 201.5
      vertex 6.18408 5.07515 201.5
      vertex 5.65685 5.65685 201.5
    endloop
  endfacet
  facet normal 0 0 1
    outer loop
      vertex 7.39104 3.06147 201.5
      vertex 5.54328 2.2961 201.5
      vertex 5.74164 1.74171 201.5
    endloop
  endfacet
  facet normal 0 0 1
    outer loop
      vertex 7.05537 3.77117 201.5
      vertex 5.29153 2.82838 201.5
      vertex 5.54328 2.2961 201.5
    endloop
  endfacet
  facet normal 0 0 1
    outer loop
      vertex 4.24264 4.24264 201.5
      vertex 5.65685 5.65685 201.5
      vertex 5.07515 6.18408 201.5
    endloop
  endfacet
  facet normal 0 0 1
    outer loop
      vertex 6.65176 4.44456 201.5
      vertex 4.98882 3.33342 201.5
      vertex 5.29153 2.82838 201.5
    endloop
  endfacet
  facet normal 0 0 1
    outer loop
      vertex 6.18408 5.07515 201.5
      vertex 4.63806 3.80636 201.5
      vertex 4.98882 3.33342 201.5
    endloop
  endfacet
  facet normal 0 0 1
    outer loop
      vertex 3.80636 4.63806 201.5
      vertex 5.07515 6.18408 201.5
      vertex 4.44456 6.65176 201.5
    endloop
  endfacet
  facet normal 0 0 1
    outer loop
      vertex 5.65685 5.65685 201.5
      vertex 4.24264 4.24264 201.5
      vertex 4.63806 3.80636 201.5
    endloop
  endfacet
  facet normal 0 0 1
    outer loop
      vertex 5.07515 6.18408 201.5
      vertex 3.80636 4.63806 201.5
      vertex 4.24264 4.24264 201.5
    endloop
  endfacet
  facet normal 0 0 1
    outer loop
      vertex 3.33342 4.98882 201.5
      vertex 4.44456 6.65176 201.5
      vertex 3.77117 7.05537 201.5
    endloop
  endfacet
  facet normal 0 0 1
    outer loop
      vertex 4.44456 6.65176 201.5
      vertex 3.33342 4.98882 201.5
      vertex 3.80636 4.63806 201.5
    endloop
  endfacet
  facet normal 0 0 1
    outer loop
      vertex 2.82838 5.29153 201.5
      vertex 3.77117 7.05537 201.5
      vertex 3.06147 7.39104 201.5
    endloop
  endfacet
  facet normal 0 0 1
    outer loop
      vertex 3.77117 7.05537 201.5
      vertex 2.82838 5.29153 201.5
      vertex 3.33342 4.98882 201.5
    endloop
  endfacet
  facet normal 0 0 1
    outer loop
      vertex 2.2961 5.54328 201.5
      vertex 3.06147 7.39104 201.5
      vertex 2.32228 7.65552 201.5
    endloop
  endfacet
  facet normal 0 0 1
    outer loop
      vertex 3.06147 7.39104 201.5
      vertex 2.2961 5.54328 201.5
      vertex 2.82838 5.29153 201.5
    endloop
  endfacet
  facet normal 0 0 1
    outer loop
      vertex 2.32228 7.65552 201.5
      vertex 1.74171 5.74164 201.5
      vertex 2.2961 5.54328 201.5
    endloop
  endfacet
  facet normal 0 0 1
    outer loop
      vertex 1.56072 7.84628 201.5
      vertex 1.74171 5.74164 201.5
      vertex 2.32228 7.65552 201.5
    endloop
  endfacet
  facet normal 0 0 1
    outer loop
      vertex 1.56072 7.84628 201.5
      vertex 1.17054 5.88471 201.5
      vertex 1.74171 5.74164 201.5
    endloop
  endfacet
  facet normal 0 0 1
    outer loop
      vertex 0.784137 7.96148 201.5
      vertex 1.17054 5.88471 201.5
      vertex 1.56072 7.84628 201.5
    endloop
  endfacet
  facet normal 0 0 1
    outer loop
      vertex 0.784137 7.96148 201.5
      vertex 0.588102 5.97111 201.5
      vertex 1.17054 5.88471 201.5
    endloop
  endfacet
  facet normal 0 0 1
    outer loop
      vertex 0 8 201.5
      vertex 0.588102 5.97111 201.5
      vertex 0.784137 7.96148 201.5
    endloop
  endfacet
  facet normal 0 0 1
    outer loop
      vertex 0 8 201.5
      vertex 0 6 201.5
      vertex 0.588102 5.97111 201.5
    endloop
  endfacet
  facet normal 0 0 1
    outer loop
      vertex 0 8 201.5
      vertex -0.588102 5.97111 201.5
      vertex 0 6 201.5
    endloop
  endfacet
  facet normal -0 0 1
    outer loop
      vertex -0.784137 7.96148 201.5
      vertex -0.588102 5.97111 201.5
      vertex 0 8 201.5
    endloop
  endfacet
  facet normal 0 0 1
    outer loop
      vertex -0.784137 7.96148 201.5
      vertex -1.17054 5.88471 201.5
      vertex -0.588102 5.97111 201.5
    endloop
  endfacet
  facet normal -0 0 1
    outer loop
      vertex -1.56072 7.84628 201.5
      vertex -1.17054 5.88471 201.5
      vertex -0.784137 7.96148 201.5
    endloop
  endfacet
  facet normal 0 0 1
    outer loop
      vertex -1.56072 7.84628 201.5
      vertex -1.74171 5.74164 201.5
      vertex -1.17054 5.88471 201.5
    endloop
  endfacet
  facet normal -0 0 1
    outer loop
      vertex -2.32228 7.65552 201.5
      vertex -1.74171 5.74164 201.5
      vertex -1.56072 7.84628 201.5
    endloop
  endfacet
  facet normal 0 0 1
    outer loop
      vertex -1.74171 5.74164 201.5
      vertex -2.32228 7.65552 201.5
      vertex -2.2961 5.54328 201.5
    endloop
  endfacet
  facet normal -0 0 1
    outer loop
      vertex -3.06147 7.39104 201.5
      vertex -2.2961 5.54328 201.5
      vertex -2.32228 7.65552 201.5
    endloop
  endfacet
  facet normal 0 0 1
    outer loop
      vertex -2.2961 5.54328 201.5
      vertex -3.06147 7.39104 201.5
      vertex -2.82838 5.29153 201.5
    endloop
  endfacet
  facet normal -0 0 1
    outer loop
      vertex -3.77117 7.05537 201.5
      vertex -2.82838 5.29153 201.5
      vertex -3.06147 7.39104 201.5
    endloop
  endfacet
  facet normal 0 0 1
    outer loop
      vertex -2.82838 5.29153 201.5
      vertex -3.77117 7.05537 201.5
      vertex -3.33342 4.98882 201.5
    endloop
  endfacet
  facet normal -0 0 1
    outer loop
      vertex -4.44456 6.65176 201.5
      vertex -3.33342 4.98882 201.5
      vertex -3.77117 7.05537 201.5
    endloop
  endfacet
  facet normal 0 0 1
    outer loop
      vertex -3.33342 4.98882 201.5
      vertex -4.44456 6.65176 201.5
      vertex -3.80636 4.63806 201.5
    endloop
  endfacet
  facet normal -0 0 1
    outer loop
      vertex -5.07515 6.18408 201.5
      vertex -3.80636 4.63806 201.5
      vertex -4.44456 6.65176 201.5
    endloop
  endfacet
  facet normal 0 0 1
    outer loop
      vertex -3.80636 4.63806 201.5
      vertex -5.07515 6.18408 201.5
      vertex -4.24264 4.24264 201.5
    endloop
  endfacet
  facet normal -0 0 1
    outer loop
      vertex -5.65685 5.65685 201.5
      vertex -4.24264 4.24264 201.5
      vertex -5.07515 6.18408 201.5
    endloop
  endfacet
  facet normal 0 0 1
    outer loop
      vertex -4.24264 4.24264 201.5
      vertex -5.65685 5.65685 201.5
      vertex -4.63806 3.80636 201.5
    endloop
  endfacet
  facet normal -0 0 1
    outer loop
      vertex -6.18408 5.07515 201.5
      vertex -4.63806 3.80636 201.5
      vertex -5.65685 5.65685 201.5
    endloop
  endfacet
  facet normal 0 0 1
    outer loop
      vertex -4.63806 3.80636 201.5
      vertex -6.18408 5.07515 201.5
      vertex -4.98882 3.33342 201.5
    endloop
  endfacet
  facet normal -0 0 1
    outer loop
      vertex -6.65176 4.44456 201.5
      vertex -4.98882 3.33342 201.5
      vertex -6.18408 5.07515 201.5
    endloop
  endfacet
  facet normal 0 0 1
    outer loop
      vertex -4.98882 3.33342 201.5
      vertex -6.65176 4.44456 201.5
      vertex -5.29153 2.82838 201.5
    endloop
  endfacet
  facet normal -0 0 1
    outer loop
      vertex -7.05537 3.77117 201.5
      vertex -5.29153 2.82838 201.5
      vertex -6.65176 4.44456 201.5
    endloop
  endfacet
  facet normal 0 0 1
    outer loop
      vertex -5.29153 2.82838 201.5
      vertex -7.05537 3.77117 201.5
      vertex -5.54328 2.2961 201.5
    endloop
  endfacet
  facet normal 0 0 1
    outer loop
      vertex -5.54328 2.2961 201.5
      vertex -7.39104 3.06147 201.5
      vertex -5.74164 1.74171 201.5
    endloop
  endfacet
  facet normal -0 0 1
    outer loop
      vertex -7.39104 3.06147 201.5
      vertex -5.54328 2.2961 201.5
      vertex -7.05537 3.77117 201.5
    endloop
  endfacet
  facet normal -0 0 1
    outer loop
      vertex 5.54328 -2.2961 201.5
      vertex 7.39104 -3.06147 201.5
      vertex 5.74164 -1.74171 201.5
    endloop
  endfacet
  facet normal 0 0 1
    outer loop
      vertex 7.39104 -3.06147 201.5
      vertex 5.54328 -2.2961 201.5
      vertex 7.05537 -3.77117 201.5
    endloop
  endfacet
  facet normal -0 0 1
    outer loop
      vertex 5.29153 -2.82838 201.5
      vertex 7.05537 -3.77117 201.5
      vertex 5.54328 -2.2961 201.5
    endloop
  endfacet
  facet normal 0 0 1
    outer loop
      vertex 7.05537 -3.77117 201.5
      vertex 5.29153 -2.82838 201.5
      vertex 6.65176 -4.44456 201.5
    endloop
  endfacet
  facet normal -0 0 1
    outer loop
      vertex 4.98882 -3.33342 201.5
      vertex 6.65176 -4.44456 201.5
      vertex 5.29153 -2.82838 201.5
    endloop
  endfacet
  facet normal 0 0 1
    outer loop
      vertex 6.65176 -4.44456 201.5
      vertex 4.98882 -3.33342 201.5
      vertex 6.18408 -5.07515 201.5
    endloop
  endfacet
  facet normal -0 0 1
    outer loop
      vertex 4.63806 -3.80636 201.5
      vertex 6.18408 -5.07515 201.5
      vertex 4.98882 -3.33342 201.5
    endloop
  endfacet
  facet normal 0 0 1
    outer loop
      vertex 6.18408 -5.07515 201.5
      vertex 4.63806 -3.80636 201.5
      vertex 5.65685 -5.65685 201.5
    endloop
  endfacet
  facet normal -0 0 1
    outer loop
      vertex 4.24264 -4.24264 201.5
      vertex 5.65685 -5.65685 201.5
      vertex 4.63806 -3.80636 201.5
    endloop
  endfacet
  facet normal 0 0 1
    outer loop
      vertex 5.65685 -5.65685 201.5
      vertex 4.24264 -4.24264 201.5
      vertex 5.07515 -6.18408 201.5
    endloop
  endfacet
  facet normal -0 0 1
    outer loop
      vertex 3.80636 -4.63806 201.5
      vertex 5.07515 -6.18408 201.5
      vertex 4.24264 -4.24264 201.5
    endloop
  endfacet
  facet normal 0 0 1
    outer loop
      vertex 5.07515 -6.18408 201.5
      vertex 3.80636 -4.63806 201.5
      vertex 4.44456 -6.65176 201.5
    endloop
  endfacet
  facet normal -0 0 1
    outer loop
      vertex 3.33342 -4.98882 201.5
      vertex 4.44456 -6.65176 201.5
      vertex 3.80636 -4.63806 201.5
    endloop
  endfacet
  facet normal 0 0 1
    outer loop
      vertex 4.44456 -6.65176 201.5
      vertex 3.33342 -4.98882 201.5
      vertex 3.77117 -7.05537 201.5
    endloop
  endfacet
  facet normal -0 0 1
    outer loop
      vertex 2.82838 -5.29153 201.5
      vertex 3.77117 -7.05537 201.5
      vertex 3.33342 -4.98882 201.5
    endloop
  endfacet
  facet normal 0 0 1
    outer loop
      vertex 3.77117 -7.05537 201.5
      vertex 2.82838 -5.29153 201.5
      vertex 3.06147 -7.39104 201.5
    endloop
  endfacet
  facet normal -0 0 1
    outer loop
      vertex 2.2961 -5.54328 201.5
      vertex 3.06147 -7.39104 201.5
      vertex 2.82838 -5.29153 201.5
    endloop
  endfacet
  facet normal 0 0 1
    outer loop
      vertex 3.06147 -7.39104 201.5
      vertex 2.2961 -5.54328 201.5
      vertex 2.32228 -7.65552 201.5
    endloop
  endfacet
  facet normal -0 0 1
    outer loop
      vertex 1.74171 -5.74164 201.5
      vertex 2.32228 -7.65552 201.5
      vertex 2.2961 -5.54328 201.5
    endloop
  endfacet
  facet normal 0 0 1
    outer loop
      vertex 1.74171 -5.74164 201.5
      vertex 1.56072 -7.84628 201.5
      vertex 2.32228 -7.65552 201.5
    endloop
  endfacet
  facet normal -0 0 1
    outer loop
      vertex 1.17054 -5.88471 201.5
      vertex 1.56072 -7.84628 201.5
      vertex 1.74171 -5.74164 201.5
    endloop
  endfacet
  facet normal 0 0 1
    outer loop
      vertex 1.17054 -5.88471 201.5
      vertex 0.784137 -7.96148 201.5
      vertex 1.56072 -7.84628 201.5
    endloop
  endfacet
  facet normal -0 0 1
    outer loop
      vertex 0.588102 -5.97111 201.5
      vertex 0.784137 -7.96148 201.5
      vertex 1.17054 -5.88471 201.5
    endloop
  endfacet
  facet normal -0 0 1
    outer loop
      vertex 0 -6 201.5
      vertex 0.784137 -7.96148 201.5
      vertex 0.588102 -5.97111 201.5
    endloop
  endfacet
  facet normal 0 0 1
    outer loop
      vertex 0 -6 201.5
      vertex 0 -8 201.5
      vertex 0.784137 -7.96148 201.5
    endloop
  endfacet
  facet normal 0 0 1
    outer loop
      vertex -0.588102 -5.97111 201.5
      vertex 0 -8 201.5
      vertex 0 -6 201.5
    endloop
  endfacet
  facet normal 0 0 1
    outer loop
      vertex -0.588102 -5.97111 201.5
      vertex -0.784137 -7.96148 201.5
      vertex 0 -8 201.5
    endloop
  endfacet
  facet normal 0 0 1
    outer loop
      vertex -1.17054 -5.88471 201.5
      vertex -0.784137 -7.96148 201.5
      vertex -0.588102 -5.97111 201.5
    endloop
  endfacet
  facet normal 0 0 1
    outer loop
      vertex -1.17054 -5.88471 201.5
      vertex -1.56072 -7.84628 201.5
      vertex -0.784137 -7.96148 201.5
    endloop
  endfacet
  facet normal 0 0 1
    outer loop
      vertex -1.74171 -5.74164 201.5
      vertex -1.56072 -7.84628 201.5
      vertex -1.17054 -5.88471 201.5
    endloop
  endfacet
  facet normal 0 0 1
    outer loop
      vertex -2.32228 -7.65552 201.5
      vertex -1.74171 -5.74164 201.5
      vertex -2.2961 -5.54328 201.5
    endloop
  endfacet
  facet normal 0 0 1
    outer loop
      vertex -1.74171 -5.74164 201.5
      vertex -2.32228 -7.65552 201.5
      vertex -1.56072 -7.84628 201.5
    endloop
  endfacet
  facet normal 0 0 1
    outer loop
      vertex -3.06147 -7.39104 201.5
      vertex -2.2961 -5.54328 201.5
      vertex -2.82838 -5.29153 201.5
    endloop
  endfacet
  facet normal 0 0 1
    outer loop
      vertex -2.2961 -5.54328 201.5
      vertex -3.06147 -7.39104 201.5
      vertex -2.32228 -7.65552 201.5
    endloop
  endfacet
  facet normal 0 0 1
    outer loop
      vertex -3.77117 -7.05537 201.5
      vertex -2.82838 -5.29153 201.5
      vertex -3.33342 -4.98882 201.5
    endloop
  endfacet
  facet normal 0 0 1
    outer loop
      vertex -2.82838 -5.29153 201.5
      vertex -3.77117 -7.05537 201.5
      vertex -3.06147 -7.39104 201.5
    endloop
  endfacet
  facet normal 0 0 1
    outer loop
      vertex -4.44456 -6.65176 201.5
      vertex -3.33342 -4.98882 201.5
      vertex -3.80636 -4.63806 201.5
    endloop
  endfacet
  facet normal 0 0 1
    outer loop
      vertex -5.07515 -6.18408 201.5
      vertex -3.80636 -4.63806 201.5
      vertex -4.24264 -4.24264 201.5
    endloop
  endfacet
  facet normal 0 0 1
    outer loop
      vertex -3.33342 -4.98882 201.5
      vertex -4.44456 -6.65176 201.5
      vertex -3.77117 -7.05537 201.5
    endloop
  endfacet
  facet normal 0 0 1
    outer loop
      vertex -5.65685 -5.65685 201.5
      vertex -4.24264 -4.24264 201.5
      vertex -4.63806 -3.80636 201.5
    endloop
  endfacet
  facet normal 0 0 1
    outer loop
      vertex -6.18408 -5.07515 201.5
      vertex -4.63806 -3.80636 201.5
      vertex -4.98882 -3.33342 201.5
    endloop
  endfacet
  facet normal 0 0 1
    outer loop
      vertex -3.80636 -4.63806 201.5
      vertex -5.07515 -6.18408 201.5
      vertex -4.44456 -6.65176 201.5
    endloop
  endfacet
  facet normal 0 0 1
    outer loop
      vertex -6.65176 -4.44456 201.5
      vertex -4.98882 -3.33342 201.5
      vertex -5.29153 -2.82838 201.5
    endloop
  endfacet
  facet normal 0 0 1
    outer loop
      vertex -7.05537 -3.77117 201.5
      vertex -5.29153 -2.82838 201.5
      vertex -5.54328 -2.2961 201.5
    endloop
  endfacet
  facet normal 0 0 1
    outer loop
      vertex -4.24264 -4.24264 201.5
      vertex -5.65685 -5.65685 201.5
      vertex -5.07515 -6.18408 201.5
    endloop
  endfacet
  facet normal 0 0 1
    outer loop
      vertex -7.39104 -3.06147 201.5
      vertex -5.54328 -2.2961 201.5
      vertex -5.74164 -1.74171 201.5
    endloop
  endfacet
  facet normal 0 0 1
    outer loop
      vertex -7.65552 -2.32228 201.5
      vertex -5.74164 -1.74171 201.5
      vertex -5.88471 -1.17054 201.5
    endloop
  endfacet
  facet normal 0 0 1
    outer loop
      vertex -7.84628 -1.56072 201.5
      vertex -5.88471 -1.17054 201.5
      vertex -5.97111 -0.588102 201.5
    endloop
  endfacet
  facet normal 0 0 1
    outer loop
      vertex -4.63806 -3.80636 201.5
      vertex -6.18408 -5.07515 201.5
      vertex -5.65685 -5.65685 201.5
    endloop
  endfacet
  facet normal 0 0 1
    outer loop
      vertex -7.96148 -0.784137 201.5
      vertex -5.97111 -0.588102 201.5
      vertex -6 0 201.5
    endloop
  endfacet
  facet normal -0 0 1
    outer loop
      vertex -7.65552 2.32228 201.5
      vertex -5.74164 1.74171 201.5
      vertex -7.39104 3.06147 201.5
    endloop
  endfacet
  facet normal 0 0 1
    outer loop
      vertex -5.74164 1.74171 201.5
      vertex -7.65552 2.32228 201.5
      vertex -5.88471 1.17054 201.5
    endloop
  endfacet
  facet normal 0 0 1
    outer loop
      vertex -4.98882 -3.33342 201.5
      vertex -6.65176 -4.44456 201.5
      vertex -6.18408 -5.07515 201.5
    endloop
  endfacet
  facet normal -0 0 1
    outer loop
      vertex -7.84628 1.56072 201.5
      vertex -5.88471 1.17054 201.5
      vertex -7.65552 2.32228 201.5
    endloop
  endfacet
  facet normal 0 0 1
    outer loop
      vertex -5.29153 -2.82838 201.5
      vertex -7.05537 -3.77117 201.5
      vertex -6.65176 -4.44456 201.5
    endloop
  endfacet
  facet normal 0 0 1
    outer loop
      vertex -5.88471 1.17054 201.5
      vertex -7.84628 1.56072 201.5
      vertex -5.97111 0.588102 201.5
    endloop
  endfacet
  facet normal 0 0 1
    outer loop
      vertex -5.54328 -2.2961 201.5
      vertex -7.39104 -3.06147 201.5
      vertex -7.05537 -3.77117 201.5
    endloop
  endfacet
  facet normal -0 0 1
    outer loop
      vertex -7.96148 0.784137 201.5
      vertex -5.97111 0.588102 201.5
      vertex -7.84628 1.56072 201.5
    endloop
  endfacet
  facet normal 0 0 1
    outer loop
      vertex -5.74164 -1.74171 201.5
      vertex -7.65552 -2.32228 201.5
      vertex -7.39104 -3.06147 201.5
    endloop
  endfacet
  facet normal 0 0 1
    outer loop
      vertex -5.97111 0.588102 201.5
      vertex -7.96148 0.784137 201.5
      vertex -6 0 201.5
    endloop
  endfacet
  facet normal 0 0 1
    outer loop
      vertex -5.88471 -1.17054 201.5
      vertex -7.84628 -1.56072 201.5
      vertex -7.65552 -2.32228 201.5
    endloop
  endfacet
  facet normal 0 0 1
    outer loop
      vertex -8 0 201.5
      vertex -6 0 201.5
      vertex -7.96148 0.784137 201.5
    endloop
  endfacet
  facet normal 0 0 1
    outer loop
      vertex -5.97111 -0.588102 201.5
      vertex -7.96148 -0.784137 201.5
      vertex -7.84628 -1.56072 201.5
    endloop
  endfacet
  facet normal 0 0 1
    outer loop
      vertex -6 0 201.5
      vertex -8 0 201.5
      vertex -7.96148 -0.784137 201.5
    endloop
  endfacet
  facet normal -0.998796 0.0490649 0
    outer loop
      vertex -8 0 193.5
      vertex -7.96148 0.784137 201.5
      vertex -7.96148 0.784137 193.5
    endloop
  endfacet
  facet normal -0.998796 0.0490649 0
    outer loop
      vertex -7.96148 0.784137 201.5
      vertex -8 0 193.5
      vertex -8 0 201.5
    endloop
  endfacet
  facet normal -0.336883 -0.941547 0
    outer loop
      vertex -3.06147 -7.39104 193.5
      vertex -2.32228 -7.65552 201.5
      vertex -3.06147 -7.39104 201.5
    endloop
  endfacet
  facet normal -0.336883 -0.941547 -0
    outer loop
      vertex -2.32228 -7.65552 201.5
      vertex -3.06147 -7.39104 193.5
      vertex -2.32228 -7.65552 193.5
    endloop
  endfacet
  facet normal 0.671564 -0.740946 0
    outer loop
      vertex 5.07515 -6.18408 193.5
      vertex 5.65685 -5.65685 201.5
      vertex 5.07515 -6.18408 201.5
    endloop
  endfacet
  facet normal 0.671564 -0.740946 0
    outer loop
      vertex 5.65685 -5.65685 201.5
      vertex 5.07515 -6.18408 193.5
      vertex 5.65685 -5.65685 193.5
    endloop
  endfacet
  facet normal 0.146736 0.989176 -0
    outer loop
      vertex 1.17054 5.88471 30
      vertex 0.588102 5.97111 193.5
      vertex 1.17054 5.88471 193.5
    endloop
  endfacet
  facet normal 0.146736 0.989176 0
    outer loop
      vertex 0.588102 5.97111 193.5
      vertex 1.17054 5.88471 30
      vertex 0.588102 5.97111 30
    endloop
  endfacet
  facet normal -0.146736 -0.989176 0
    outer loop
      vertex 0.588102 5.97111 198.5
      vertex 1.17054 5.88471 201.5
      vertex 0.588102 5.97111 201.5
    endloop
  endfacet
  facet normal -0.146736 -0.989176 -0
    outer loop
      vertex 1.17054 5.88471 201.5
      vertex 0.588102 5.97111 198.5
      vertex 1.17054 5.88471 198.5
    endloop
  endfacet
  facet normal -0.989176 -0.146736 0
    outer loop
      vertex 5.97111 0.588102 198.5
      vertex 5.88471 1.17054 201.5
      vertex 5.88471 1.17054 198.5
    endloop
  endfacet
  facet normal -0.989176 -0.146736 0
    outer loop
      vertex 5.88471 1.17054 201.5
      vertex 5.97111 0.588102 198.5
      vertex 5.97111 0.588102 201.5
    endloop
  endfacet
  facet normal 0.989176 0.146736 0
    outer loop
      vertex 5.97111 0.588102 193.5
      vertex 5.88471 1.17054 30
      vertex 5.88471 1.17054 193.5
    endloop
  endfacet
  facet normal 0.989176 0.146736 0
    outer loop
      vertex 5.88471 1.17054 30
      vertex 5.97111 0.588102 193.5
      vertex 5.97111 0.588102 30
    endloop
  endfacet
  facet normal -0.998796 -0.049065 0
    outer loop
      vertex 6 0 198.5
      vertex 5.97111 0.588102 201.5
      vertex 5.97111 0.588102 198.5
    endloop
  endfacet
  facet normal -0.998796 -0.049065 0
    outer loop
      vertex 5.97111 0.588102 201.5
      vertex 6 0 198.5
      vertex 6 0 201.5
    endloop
  endfacet
  facet normal 0.998796 0.049065 0
    outer loop
      vertex 6 0 193.5
      vertex 5.97111 0.588102 30
      vertex 5.97111 0.588102 193.5
    endloop
  endfacet
  facet normal 0.998796 0.049065 0
    outer loop
      vertex 5.97111 0.588102 30
      vertex 6 0 193.5
      vertex 6 0 30
    endloop
  endfacet
  facet normal -0.970032 -0.242979 0
    outer loop
      vertex 5.88471 1.17054 198.5
      vertex 5.74164 1.74171 201.5
      vertex 5.74164 1.74171 198.5
    endloop
  endfacet
  facet normal -0.970032 -0.242979 0
    outer loop
      vertex 5.74164 1.74171 201.5
      vertex 5.88471 1.17054 198.5
      vertex 5.88471 1.17054 201.5
    endloop
  endfacet
  facet normal 0.970032 0.242979 0
    outer loop
      vertex 5.88471 1.17054 193.5
      vertex 5.74164 1.74171 30
      vertex 5.74164 1.74171 193.5
    endloop
  endfacet
  facet normal 0.970032 0.242979 0
    outer loop
      vertex 5.74164 1.74171 30
      vertex 5.88471 1.17054 193.5
      vertex 5.88471 1.17054 30
    endloop
  endfacet
  facet normal -0.336884 0.941546 0
    outer loop
      vertex 2.2961 -5.54328 198.5
      vertex 1.74171 -5.74164 201.5
      vertex 2.2961 -5.54328 201.5
    endloop
  endfacet
  facet normal -0.336884 0.941546 0
    outer loop
      vertex 1.74171 -5.74164 201.5
      vertex 2.2961 -5.54328 198.5
      vertex 1.74171 -5.74164 198.5
    endloop
  endfacet
  facet normal 0.336884 -0.941546 0
    outer loop
      vertex 1.74171 -5.74164 30
      vertex 2.2961 -5.54328 193.5
      vertex 1.74171 -5.74164 193.5
    endloop
  endfacet
  facet normal 0.336884 -0.941546 0
    outer loop
      vertex 2.2961 -5.54328 193.5
      vertex 1.74171 -5.74164 30
      vertex 2.2961 -5.54328 30
    endloop
  endfacet
  facet normal 0.903989 -0.427556 0
    outer loop
      vertex 5.29153 -2.82838 193.5
      vertex 5.54328 -2.2961 30
      vertex 5.54328 -2.2961 193.5
    endloop
  endfacet
  facet normal 0.903989 -0.427556 0
    outer loop
      vertex 5.54328 -2.2961 30
      vertex 5.29153 -2.82838 193.5
      vertex 5.29153 -2.82838 30
    endloop
  endfacet
  facet normal -0.903989 0.427556 0
    outer loop
      vertex 5.29153 -2.82838 198.5
      vertex 5.54328 -2.2961 201.5
      vertex 5.54328 -2.2961 198.5
    endloop
  endfacet
  facet normal -0.903989 0.427556 0
    outer loop
      vertex 5.54328 -2.2961 201.5
      vertex 5.29153 -2.82838 198.5
      vertex 5.29153 -2.82838 201.5
    endloop
  endfacet
  facet normal 0.336884 0.941546 -0
    outer loop
      vertex -1.74171 -5.74164 198.5
      vertex -2.2961 -5.54328 201.5
      vertex -1.74171 -5.74164 201.5
    endloop
  endfacet
  facet normal 0.336884 0.941546 0
    outer loop
      vertex -2.2961 -5.54328 201.5
      vertex -1.74171 -5.74164 198.5
      vertex -2.2961 -5.54328 198.5
    endloop
  endfacet
  facet normal -0.336884 -0.941546 0
    outer loop
      vertex -2.2961 -5.54328 30
      vertex -1.74171 -5.74164 193.5
      vertex -2.2961 -5.54328 193.5
    endloop
  endfacet
  facet normal -0.336884 -0.941546 -0
    outer loop
      vertex -1.74171 -5.74164 193.5
      vertex -2.2961 -5.54328 30
      vertex -1.74171 -5.74164 30
    endloop
  endfacet
  facet normal -0.671558 -0.740952 0
    outer loop
      vertex 3.80636 4.63806 198.5
      vertex 4.24264 4.24264 201.5
      vertex 3.80636 4.63806 201.5
    endloop
  endfacet
  facet normal -0.671558 -0.740952 -0
    outer loop
      vertex 4.24264 4.24264 201.5
      vertex 3.80636 4.63806 198.5
      vertex 4.24264 4.24264 198.5
    endloop
  endfacet
  facet normal 0.671558 0.740952 -0
    outer loop
      vertex 4.24264 4.24264 30
      vertex 3.80636 4.63806 193.5
      vertex 4.24264 4.24264 193.5
    endloop
  endfacet
  facet normal 0.671558 0.740952 0
    outer loop
      vertex 3.80636 4.63806 193.5
      vertex 4.24264 4.24264 30
      vertex 3.80636 4.63806 30
    endloop
  endfacet
  facet normal -0.146736 -0.989176 0
    outer loop
      vertex -1.17054 -5.88471 30
      vertex -0.588102 -5.97111 193.5
      vertex -1.17054 -5.88471 193.5
    endloop
  endfacet
  facet normal -0.146736 -0.989176 -0
    outer loop
      vertex -0.588102 -5.97111 193.5
      vertex -1.17054 -5.88471 30
      vertex -0.588102 -5.97111 30
    endloop
  endfacet
  facet normal 0.146736 0.989176 -0
    outer loop
      vertex -0.588102 -5.97111 198.5
      vertex -1.17054 -5.88471 201.5
      vertex -0.588102 -5.97111 201.5
    endloop
  endfacet
  facet normal 0.146736 0.989176 0
    outer loop
      vertex -1.17054 -5.88471 201.5
      vertex -0.588102 -5.97111 198.5
      vertex -1.17054 -5.88471 198.5
    endloop
  endfacet
  facet normal 0.941546 0.336884 0
    outer loop
      vertex 5.74164 1.74171 193.5
      vertex 5.54328 2.2961 30
      vertex 5.54328 2.2961 193.5
    endloop
  endfacet
  facet normal 0.941546 0.336884 0
    outer loop
      vertex 5.54328 2.2961 30
      vertex 5.74164 1.74171 193.5
      vertex 5.74164 1.74171 30
    endloop
  endfacet
  facet normal -0.941546 -0.336884 0
    outer loop
      vertex 5.74164 1.74171 198.5
      vertex 5.54328 2.2961 201.5
      vertex 5.54328 2.2961 198.5
    endloop
  endfacet
  facet normal -0.941546 -0.336884 0
    outer loop
      vertex 5.54328 2.2961 201.5
      vertex 5.74164 1.74171 198.5
      vertex 5.74164 1.74171 201.5
    endloop
  endfacet
  facet normal -0.049065 0.998796 0
    outer loop
      vertex 0 6 30
      vertex -0.588102 5.97111 193.5
      vertex 0 6 193.5
    endloop
  endfacet
  facet normal -0.049065 0.998796 0
    outer loop
      vertex -0.588102 5.97111 193.5
      vertex 0 6 30
      vertex -0.588102 5.97111 30
    endloop
  endfacet
  facet normal 0.049065 -0.998796 0
    outer loop
      vertex -0.588102 5.97111 198.5
      vertex 0 6 201.5
      vertex -0.588102 5.97111 201.5
    endloop
  endfacet
  facet normal 0.049065 -0.998796 0
    outer loop
      vertex 0 6 201.5
      vertex -0.588102 5.97111 198.5
      vertex 0 6 198.5
    endloop
  endfacet
  facet normal -0.803204 -0.595703 0
    outer loop
      vertex 4.98882 3.33342 198.5
      vertex 4.63806 3.80636 201.5
      vertex 4.63806 3.80636 198.5
    endloop
  endfacet
  facet normal -0.803204 -0.595703 0
    outer loop
      vertex 4.63806 3.80636 201.5
      vertex 4.98882 3.33342 198.5
      vertex 4.98882 3.33342 201.5
    endloop
  endfacet
  facet normal 0.803204 0.595703 0
    outer loop
      vertex 4.98882 3.33342 193.5
      vertex 4.63806 3.80636 30
      vertex 4.63806 3.80636 193.5
    endloop
  endfacet
  facet normal 0.803204 0.595703 0
    outer loop
      vertex 4.63806 3.80636 30
      vertex 4.98882 3.33342 193.5
      vertex 4.98882 3.33342 30
    endloop
  endfacet
  facet normal 0.049065 -0.998796 0
    outer loop
      vertex 0 -6 30
      vertex 0.588102 -5.97111 193.5
      vertex 0 -6 193.5
    endloop
  endfacet
  facet normal 0.049065 -0.998796 0
    outer loop
      vertex 0.588102 -5.97111 193.5
      vertex 0 -6 30
      vertex 0.588102 -5.97111 30
    endloop
  endfacet
  facet normal -0.049065 0.998796 0
    outer loop
      vertex 0.588102 -5.97111 198.5
      vertex 0 -6 201.5
      vertex 0.588102 -5.97111 201.5
    endloop
  endfacet
  facet normal -0.049065 0.998796 0
    outer loop
      vertex 0 -6 201.5
      vertex 0.588102 -5.97111 198.5
      vertex 0 -6 198.5
    endloop
  endfacet
  facet normal 0.049065 0.998796 -0
    outer loop
      vertex 0.588102 5.97111 30
      vertex 0 6 193.5
      vertex 0.588102 5.97111 193.5
    endloop
  endfacet
  facet normal 0.049065 0.998796 0
    outer loop
      vertex 0 6 193.5
      vertex 0.588102 5.97111 30
      vertex 0 6 30
    endloop
  endfacet
  facet normal -0.049065 -0.998796 0
    outer loop
      vertex 0 6 198.5
      vertex 0.588102 5.97111 201.5
      vertex 0 6 201.5
    endloop
  endfacet
  facet normal -0.049065 -0.998796 -0
    outer loop
      vertex 0.588102 5.97111 201.5
      vertex 0 6 198.5
      vertex 0.588102 5.97111 198.5
    endloop
  endfacet
  facet normal 0.857728 -0.514104 0
    outer loop
      vertex 4.98882 -3.33342 193.5
      vertex 5.29153 -2.82838 30
      vertex 5.29153 -2.82838 193.5
    endloop
  endfacet
  facet normal 0.857728 -0.514104 0
    outer loop
      vertex 5.29153 -2.82838 30
      vertex 4.98882 -3.33342 193.5
      vertex 4.98882 -3.33342 30
    endloop
  endfacet
  facet normal -0.857728 0.514104 0
    outer loop
      vertex 4.98882 -3.33342 198.5
      vertex 5.29153 -2.82838 201.5
      vertex 5.29153 -2.82838 198.5
    endloop
  endfacet
  facet normal -0.857728 0.514104 0
    outer loop
      vertex 5.29153 -2.82838 201.5
      vertex 4.98882 -3.33342 198.5
      vertex 4.98882 -3.33342 201.5
    endloop
  endfacet
  facet normal -0.595703 -0.803204 0
    outer loop
      vertex -3.80636 -4.63806 30
      vertex -3.33342 -4.98882 193.5
      vertex -3.80636 -4.63806 193.5
    endloop
  endfacet
  facet normal -0.595703 -0.803204 -0
    outer loop
      vertex -3.33342 -4.98882 193.5
      vertex -3.80636 -4.63806 30
      vertex -3.33342 -4.98882 30
    endloop
  endfacet
  facet normal 0.595703 0.803204 -0
    outer loop
      vertex -3.33342 -4.98882 198.5
      vertex -3.80636 -4.63806 201.5
      vertex -3.33342 -4.98882 201.5
    endloop
  endfacet
  facet normal 0.595703 0.803204 0
    outer loop
      vertex -3.80636 -4.63806 201.5
      vertex -3.33342 -4.98882 198.5
      vertex -3.80636 -4.63806 198.5
    endloop
  endfacet
  facet normal 0.857728 -0.514104 0
    outer loop
      vertex -5.29153 2.82838 201.5
      vertex -4.98882 3.33342 198.5
      vertex -4.98882 3.33342 201.5
    endloop
  endfacet
  facet normal 0.857728 -0.514104 0
    outer loop
      vertex -4.98882 3.33342 198.5
      vertex -5.29153 2.82838 201.5
      vertex -5.29153 2.82838 198.5
    endloop
  endfacet
  facet normal -0.857728 0.514104 0
    outer loop
      vertex -5.29153 2.82838 30
      vertex -4.98882 3.33342 193.5
      vertex -4.98882 3.33342 30
    endloop
  endfacet
  facet normal -0.857728 0.514104 0
    outer loop
      vertex -4.98882 3.33342 193.5
      vertex -5.29153 2.82838 30
      vertex -5.29153 2.82838 193.5
    endloop
  endfacet
  facet normal 0.242979 0.970032 -0
    outer loop
      vertex -1.17054 -5.88471 198.5
      vertex -1.74171 -5.74164 201.5
      vertex -1.17054 -5.88471 201.5
    endloop
  endfacet
  facet normal 0.242979 0.970032 0
    outer loop
      vertex -1.74171 -5.74164 201.5
      vertex -1.17054 -5.88471 198.5
      vertex -1.74171 -5.74164 198.5
    endloop
  endfacet
  facet normal -0.242979 -0.970032 0
    outer loop
      vertex -1.74171 -5.74164 30
      vertex -1.17054 -5.88471 193.5
      vertex -1.74171 -5.74164 193.5
    endloop
  endfacet
  facet normal -0.242979 -0.970032 -0
    outer loop
      vertex -1.17054 -5.88471 193.5
      vertex -1.74171 -5.74164 30
      vertex -1.17054 -5.88471 30
    endloop
  endfacet
  facet normal -0.514104 0.857728 0
    outer loop
      vertex 3.33342 -4.98882 198.5
      vertex 2.82838 -5.29153 201.5
      vertex 3.33342 -4.98882 201.5
    endloop
  endfacet
  facet normal -0.514104 0.857728 0
    outer loop
      vertex 2.82838 -5.29153 201.5
      vertex 3.33342 -4.98882 198.5
      vertex 2.82838 -5.29153 198.5
    endloop
  endfacet
  facet normal 0.514104 -0.857728 0
    outer loop
      vertex 2.82838 -5.29153 30
      vertex 3.33342 -4.98882 193.5
      vertex 2.82838 -5.29153 193.5
    endloop
  endfacet
  facet normal 0.514104 -0.857728 0
    outer loop
      vertex 3.33342 -4.98882 193.5
      vertex 2.82838 -5.29153 30
      vertex 3.33342 -4.98882 30
    endloop
  endfacet
  facet normal -0.857728 -0.514104 0
    outer loop
      vertex 5.29153 2.82838 198.5
      vertex 4.98882 3.33342 201.5
      vertex 4.98882 3.33342 198.5
    endloop
  endfacet
  facet normal -0.857728 -0.514104 0
    outer loop
      vertex 4.98882 3.33342 201.5
      vertex 5.29153 2.82838 198.5
      vertex 5.29153 2.82838 201.5
    endloop
  endfacet
  facet normal 0.857728 0.514104 0
    outer loop
      vertex 5.29153 2.82838 193.5
      vertex 4.98882 3.33342 30
      vertex 4.98882 3.33342 193.5
    endloop
  endfacet
  facet normal 0.857728 0.514104 0
    outer loop
      vertex 4.98882 3.33342 30
      vertex 5.29153 2.82838 193.5
      vertex 5.29153 2.82838 30
    endloop
  endfacet
  facet normal -0.998796 -0.049065 0
    outer loop
      vertex -5.97111 -0.588102 30
      vertex -6 0 193.5
      vertex -6 0 30
    endloop
  endfacet
  facet normal -0.998796 -0.049065 0
    outer loop
      vertex -6 0 193.5
      vertex -5.97111 -0.588102 30
      vertex -5.97111 -0.588102 193.5
    endloop
  endfacet
  facet normal 0.998796 0.049065 0
    outer loop
      vertex -5.97111 -0.588102 201.5
      vertex -6 0 198.5
      vertex -6 0 201.5
    endloop
  endfacet
  facet normal 0.998796 0.049065 0
    outer loop
      vertex -6 0 198.5
      vertex -5.97111 -0.588102 201.5
      vertex -5.97111 -0.588102 198.5
    endloop
  endfacet
  facet normal -0.903989 -0.427556 0
    outer loop
      vertex 5.54328 2.2961 198.5
      vertex 5.29153 2.82838 201.5
      vertex 5.29153 2.82838 198.5
    endloop
  endfacet
  facet normal -0.903989 -0.427556 0
    outer loop
      vertex 5.29153 2.82838 201.5
      vertex 5.54328 2.2961 198.5
      vertex 5.54328 2.2961 201.5
    endloop
  endfacet
  facet normal 0.903989 0.427556 0
    outer loop
      vertex 5.54328 2.2961 193.5
      vertex 5.29153 2.82838 30
      vertex 5.29153 2.82838 193.5
    endloop
  endfacet
  facet normal 0.903989 0.427556 0
    outer loop
      vertex 5.29153 2.82838 30
      vertex 5.54328 2.2961 193.5
      vertex 5.54328 2.2961 30
    endloop
  endfacet
  facet normal 0.970032 -0.242979 0
    outer loop
      vertex 5.74164 -1.74171 193.5
      vertex 5.88471 -1.17054 30
      vertex 5.88471 -1.17054 193.5
    endloop
  endfacet
  facet normal 0.970032 -0.242979 0
    outer loop
      vertex 5.88471 -1.17054 30
      vertex 5.74164 -1.74171 193.5
      vertex 5.74164 -1.74171 30
    endloop
  endfacet
  facet normal -0.970032 0.242979 0
    outer loop
      vertex 5.74164 -1.74171 198.5
      vertex 5.88471 -1.17054 201.5
      vertex 5.88471 -1.17054 198.5
    endloop
  endfacet
  facet normal -0.970032 0.242979 0
    outer loop
      vertex 5.88471 -1.17054 201.5
      vertex 5.74164 -1.74171 198.5
      vertex 5.74164 -1.74171 201.5
    endloop
  endfacet
  facet normal -0.970032 0.242979 0
    outer loop
      vertex -5.88471 1.17054 30
      vertex -5.74164 1.74171 193.5
      vertex -5.74164 1.74171 30
    endloop
  endfacet
  facet normal -0.970032 0.242979 0
    outer loop
      vertex -5.74164 1.74171 193.5
      vertex -5.88471 1.17054 30
      vertex -5.88471 1.17054 193.5
    endloop
  endfacet
  facet normal 0.970032 -0.242979 0
    outer loop
      vertex -5.88471 1.17054 201.5
      vertex -5.74164 1.74171 198.5
      vertex -5.74164 1.74171 201.5
    endloop
  endfacet
  facet normal 0.970032 -0.242979 0
    outer loop
      vertex -5.74164 1.74171 198.5
      vertex -5.88471 1.17054 201.5
      vertex -5.88471 1.17054 198.5
    endloop
  endfacet
  facet normal 0.427556 0.903989 -0
    outer loop
      vertex -2.2961 -5.54328 198.5
      vertex -2.82838 -5.29153 201.5
      vertex -2.2961 -5.54328 201.5
    endloop
  endfacet
  facet normal 0.427556 0.903989 0
    outer loop
      vertex -2.82838 -5.29153 201.5
      vertex -2.2961 -5.54328 198.5
      vertex -2.82838 -5.29153 198.5
    endloop
  endfacet
  facet normal -0.427556 -0.903989 0
    outer loop
      vertex -2.82838 -5.29153 30
      vertex -2.2961 -5.54328 193.5
      vertex -2.82838 -5.29153 193.5
    endloop
  endfacet
  facet normal -0.427556 -0.903989 -0
    outer loop
      vertex -2.2961 -5.54328 193.5
      vertex -2.82838 -5.29153 30
      vertex -2.2961 -5.54328 30
    endloop
  endfacet
  facet normal 0.970032 0.242979 0
    outer loop
      vertex -5.74164 -1.74171 201.5
      vertex -5.88471 -1.17054 198.5
      vertex -5.88471 -1.17054 201.5
    endloop
  endfacet
  facet normal 0.970032 0.242979 0
    outer loop
      vertex -5.88471 -1.17054 198.5
      vertex -5.74164 -1.74171 201.5
      vertex -5.74164 -1.74171 198.5
    endloop
  endfacet
  facet normal -0.970032 -0.242979 0
    outer loop
      vertex -5.74164 -1.74171 30
      vertex -5.88471 -1.17054 193.5
      vertex -5.88471 -1.17054 30
    endloop
  endfacet
  facet normal -0.970032 -0.242979 0
    outer loop
      vertex -5.88471 -1.17054 193.5
      vertex -5.74164 -1.74171 30
      vertex -5.74164 -1.74171 193.5
    endloop
  endfacet
  facet normal -0.336884 -0.941546 0
    outer loop
      vertex 1.74171 5.74164 198.5
      vertex 2.2961 5.54328 201.5
      vertex 1.74171 5.74164 201.5
    endloop
  endfacet
  facet normal -0.336884 -0.941546 -0
    outer loop
      vertex 2.2961 5.54328 201.5
      vertex 1.74171 5.74164 198.5
      vertex 2.2961 5.54328 198.5
    endloop
  endfacet
  facet normal 0.336884 0.941546 -0
    outer loop
      vertex 2.2961 5.54328 30
      vertex 1.74171 5.74164 193.5
      vertex 2.2961 5.54328 193.5
    endloop
  endfacet
  facet normal 0.336884 0.941546 0
    outer loop
      vertex 1.74171 5.74164 193.5
      vertex 2.2961 5.54328 30
      vertex 1.74171 5.74164 30
    endloop
  endfacet
  facet normal 0.989176 -0.146736 0
    outer loop
      vertex 5.88471 -1.17054 193.5
      vertex 5.97111 -0.588102 30
      vertex 5.97111 -0.588102 193.5
    endloop
  endfacet
  facet normal 0.989176 -0.146736 0
    outer loop
      vertex 5.97111 -0.588102 30
      vertex 5.88471 -1.17054 193.5
      vertex 5.88471 -1.17054 30
    endloop
  endfacet
  facet normal -0.989176 0.146736 0
    outer loop
      vertex 5.88471 -1.17054 198.5
      vertex 5.97111 -0.588102 201.5
      vertex 5.97111 -0.588102 198.5
    endloop
  endfacet
  facet normal -0.989176 0.146736 0
    outer loop
      vertex 5.97111 -0.588102 201.5
      vertex 5.88471 -1.17054 198.5
      vertex 5.88471 -1.17054 201.5
    endloop
  endfacet
  facet normal 0.146736 -0.989176 0
    outer loop
      vertex -1.17054 5.88471 198.5
      vertex -0.588102 5.97111 201.5
      vertex -1.17054 5.88471 201.5
    endloop
  endfacet
  facet normal 0.146736 -0.989176 0
    outer loop
      vertex -0.588102 5.97111 201.5
      vertex -1.17054 5.88471 198.5
      vertex -0.588102 5.97111 198.5
    endloop
  endfacet
  facet normal -0.146736 0.989176 0
    outer loop
      vertex -0.588102 5.97111 30
      vertex -1.17054 5.88471 193.5
      vertex -0.588102 5.97111 193.5
    endloop
  endfacet
  facet normal -0.146736 0.989176 0
    outer loop
      vertex -1.17054 5.88471 193.5
      vertex -0.588102 5.97111 30
      vertex -1.17054 5.88471 30
    endloop
  endfacet
  facet normal 0.427556 -0.903989 0
    outer loop
      vertex 2.2961 -5.54328 30
      vertex 2.82838 -5.29153 193.5
      vertex 2.2961 -5.54328 193.5
    endloop
  endfacet
  facet normal 0.427556 -0.903989 0
    outer loop
      vertex 2.82838 -5.29153 193.5
      vertex 2.2961 -5.54328 30
      vertex 2.82838 -5.29153 30
    endloop
  endfacet
  facet normal -0.427556 0.903989 0
    outer loop
      vertex 2.82838 -5.29153 198.5
      vertex 2.2961 -5.54328 201.5
      vertex 2.82838 -5.29153 201.5
    endloop
  endfacet
  facet normal -0.427556 0.903989 0
    outer loop
      vertex 2.2961 -5.54328 201.5
      vertex 2.82838 -5.29153 198.5
      vertex 2.2961 -5.54328 198.5
    endloop
  endfacet
  facet normal -0.671558 0.740952 0
    outer loop
      vertex -3.80636 4.63806 30
      vertex -4.24264 4.24264 193.5
      vertex -3.80636 4.63806 193.5
    endloop
  endfacet
  facet normal -0.671558 0.740952 0
    outer loop
      vertex -4.24264 4.24264 193.5
      vertex -3.80636 4.63806 30
      vertex -4.24264 4.24264 30
    endloop
  endfacet
  facet normal 0.671558 -0.740952 0
    outer loop
      vertex -4.24264 4.24264 198.5
      vertex -3.80636 4.63806 201.5
      vertex -4.24264 4.24264 201.5
    endloop
  endfacet
  facet normal 0.671558 -0.740952 0
    outer loop
      vertex -3.80636 4.63806 201.5
      vertex -4.24264 4.24264 198.5
      vertex -3.80636 4.63806 198.5
    endloop
  endfacet
  facet normal -0.595703 0.803204 0
    outer loop
      vertex -3.33342 4.98882 30
      vertex -3.80636 4.63806 193.5
      vertex -3.33342 4.98882 193.5
    endloop
  endfacet
  facet normal -0.595703 0.803204 0
    outer loop
      vertex -3.80636 4.63806 193.5
      vertex -3.33342 4.98882 30
      vertex -3.80636 4.63806 30
    endloop
  endfacet
  facet normal 0.595703 -0.803204 0
    outer loop
      vertex -3.80636 4.63806 198.5
      vertex -3.33342 4.98882 201.5
      vertex -3.80636 4.63806 201.5
    endloop
  endfacet
  facet normal 0.595703 -0.803204 0
    outer loop
      vertex -3.33342 4.98882 201.5
      vertex -3.80636 4.63806 198.5
      vertex -3.33342 4.98882 198.5
    endloop
  endfacet
  facet normal 0.242979 0.970032 -0
    outer loop
      vertex 1.74171 5.74164 30
      vertex 1.17054 5.88471 193.5
      vertex 1.74171 5.74164 193.5
    endloop
  endfacet
  facet normal 0.242979 0.970032 0
    outer loop
      vertex 1.17054 5.88471 193.5
      vertex 1.74171 5.74164 30
      vertex 1.17054 5.88471 30
    endloop
  endfacet
  facet normal -0.242979 -0.970032 0
    outer loop
      vertex 1.17054 5.88471 198.5
      vertex 1.74171 5.74164 201.5
      vertex 1.17054 5.88471 201.5
    endloop
  endfacet
  facet normal -0.242979 -0.970032 -0
    outer loop
      vertex 1.74171 5.74164 201.5
      vertex 1.17054 5.88471 198.5
      vertex 1.74171 5.74164 198.5
    endloop
  endfacet
  facet normal -0.740952 0.671558 0
    outer loop
      vertex -4.63806 3.80636 30
      vertex -4.24264 4.24264 193.5
      vertex -4.24264 4.24264 30
    endloop
  endfacet
  facet normal -0.740952 0.671558 0
    outer loop
      vertex -4.24264 4.24264 193.5
      vertex -4.63806 3.80636 30
      vertex -4.63806 3.80636 193.5
    endloop
  endfacet
  facet normal 0.740952 -0.671558 0
    outer loop
      vertex -4.63806 3.80636 201.5
      vertex -4.24264 4.24264 198.5
      vertex -4.24264 4.24264 201.5
    endloop
  endfacet
  facet normal 0.740952 -0.671558 0
    outer loop
      vertex -4.24264 4.24264 198.5
      vertex -4.63806 3.80636 201.5
      vertex -4.63806 3.80636 198.5
    endloop
  endfacet
  facet normal -0.998796 0.049065 0
    outer loop
      vertex 5.97111 -0.588102 198.5
      vertex 6 0 201.5
      vertex 6 0 198.5
    endloop
  endfacet
  facet normal -0.998796 0.049065 0
    outer loop
      vertex 6 0 201.5
      vertex 5.97111 -0.588102 198.5
      vertex 5.97111 -0.588102 201.5
    endloop
  endfacet
  facet normal 0.998796 -0.049065 0
    outer loop
      vertex 5.97111 -0.588102 193.5
      vertex 6 0 30
      vertex 6 0 193.5
    endloop
  endfacet
  facet normal 0.998796 -0.049065 0
    outer loop
      vertex 6 0 30
      vertex 5.97111 -0.588102 193.5
      vertex 5.97111 -0.588102 30
    endloop
  endfacet
  facet normal 0.427556 -0.903989 0
    outer loop
      vertex -2.82838 5.29153 198.5
      vertex -2.2961 5.54328 201.5
      vertex -2.82838 5.29153 201.5
    endloop
  endfacet
  facet normal 0.427556 -0.903989 0
    outer loop
      vertex -2.2961 5.54328 201.5
      vertex -2.82838 5.29153 198.5
      vertex -2.2961 5.54328 198.5
    endloop
  endfacet
  facet normal -0.427556 0.903989 0
    outer loop
      vertex -2.2961 5.54328 30
      vertex -2.82838 5.29153 193.5
      vertex -2.2961 5.54328 193.5
    endloop
  endfacet
  facet normal -0.427556 0.903989 0
    outer loop
      vertex -2.82838 5.29153 193.5
      vertex -2.2961 5.54328 30
      vertex -2.82838 5.29153 30
    endloop
  endfacet
  facet normal 0.941546 0.336884 0
    outer loop
      vertex -5.54328 -2.2961 201.5
      vertex -5.74164 -1.74171 198.5
      vertex -5.74164 -1.74171 201.5
    endloop
  endfacet
  facet normal 0.941546 0.336884 0
    outer loop
      vertex -5.74164 -1.74171 198.5
      vertex -5.54328 -2.2961 201.5
      vertex -5.54328 -2.2961 198.5
    endloop
  endfacet
  facet normal -0.941546 -0.336884 0
    outer loop
      vertex -5.54328 -2.2961 30
      vertex -5.74164 -1.74171 193.5
      vertex -5.74164 -1.74171 30
    endloop
  endfacet
  facet normal -0.941546 -0.336884 0
    outer loop
      vertex -5.74164 -1.74171 193.5
      vertex -5.54328 -2.2961 30
      vertex -5.54328 -2.2961 193.5
    endloop
  endfacet
  facet normal -0.514104 -0.857728 0
    outer loop
      vertex 2.82838 5.29153 198.5
      vertex 3.33342 4.98882 201.5
      vertex 2.82838 5.29153 201.5
    endloop
  endfacet
  facet normal -0.514104 -0.857728 -0
    outer loop
      vertex 3.33342 4.98882 201.5
      vertex 2.82838 5.29153 198.5
      vertex 3.33342 4.98882 198.5
    endloop
  endfacet
  facet normal 0.514104 0.857728 -0
    outer loop
      vertex 3.33342 4.98882 30
      vertex 2.82838 5.29153 193.5
      vertex 3.33342 4.98882 193.5
    endloop
  endfacet
  facet normal 0.514104 0.857728 0
    outer loop
      vertex 2.82838 5.29153 193.5
      vertex 3.33342 4.98882 30
      vertex 2.82838 5.29153 30
    endloop
  endfacet
  facet normal -0.595703 -0.803204 0
    outer loop
      vertex 3.33342 4.98882 198.5
      vertex 3.80636 4.63806 201.5
      vertex 3.33342 4.98882 201.5
    endloop
  endfacet
  facet normal -0.595703 -0.803204 -0
    outer loop
      vertex 3.80636 4.63806 201.5
      vertex 3.33342 4.98882 198.5
      vertex 3.80636 4.63806 198.5
    endloop
  endfacet
  facet normal 0.595703 0.803204 -0
    outer loop
      vertex 3.80636 4.63806 30
      vertex 3.33342 4.98882 193.5
      vertex 3.80636 4.63806 193.5
    endloop
  endfacet
  facet normal 0.595703 0.803204 0
    outer loop
      vertex 3.33342 4.98882 193.5
      vertex 3.80636 4.63806 30
      vertex 3.33342 4.98882 30
    endloop
  endfacet
  facet normal -0.146736 0.989176 0
    outer loop
      vertex 1.17054 -5.88471 198.5
      vertex 0.588102 -5.97111 201.5
      vertex 1.17054 -5.88471 201.5
    endloop
  endfacet
  facet normal -0.146736 0.989176 0
    outer loop
      vertex 0.588102 -5.97111 201.5
      vertex 1.17054 -5.88471 198.5
      vertex 0.588102 -5.97111 198.5
    endloop
  endfacet
  facet normal 0.146736 -0.989176 0
    outer loop
      vertex 0.588102 -5.97111 30
      vertex 1.17054 -5.88471 193.5
      vertex 0.588102 -5.97111 193.5
    endloop
  endfacet
  facet normal 0.146736 -0.989176 0
    outer loop
      vertex 1.17054 -5.88471 193.5
      vertex 0.588102 -5.97111 30
      vertex 1.17054 -5.88471 30
    endloop
  endfacet
  facet normal -0.740952 0.671558 0
    outer loop
      vertex 4.24264 -4.24264 198.5
      vertex 4.63806 -3.80636 201.5
      vertex 4.63806 -3.80636 198.5
    endloop
  endfacet
  facet normal -0.740952 0.671558 0
    outer loop
      vertex 4.63806 -3.80636 201.5
      vertex 4.24264 -4.24264 198.5
      vertex 4.24264 -4.24264 201.5
    endloop
  endfacet
  facet normal 0.740952 -0.671558 0
    outer loop
      vertex 4.24264 -4.24264 193.5
      vertex 4.63806 -3.80636 30
      vertex 4.63806 -3.80636 193.5
    endloop
  endfacet
  facet normal 0.740952 -0.671558 0
    outer loop
      vertex 4.63806 -3.80636 30
      vertex 4.24264 -4.24264 193.5
      vertex 4.24264 -4.24264 30
    endloop
  endfacet
  facet normal 0.803204 -0.595703 0
    outer loop
      vertex 4.63806 -3.80636 193.5
      vertex 4.98882 -3.33342 30
      vertex 4.98882 -3.33342 193.5
    endloop
  endfacet
  facet normal 0.803204 -0.595703 0
    outer loop
      vertex 4.98882 -3.33342 30
      vertex 4.63806 -3.80636 193.5
      vertex 4.63806 -3.80636 30
    endloop
  endfacet
  facet normal -0.803204 0.595703 0
    outer loop
      vertex 4.63806 -3.80636 198.5
      vertex 4.98882 -3.33342 201.5
      vertex 4.98882 -3.33342 198.5
    endloop
  endfacet
  facet normal -0.803204 0.595703 0
    outer loop
      vertex 4.98882 -3.33342 201.5
      vertex 4.63806 -3.80636 198.5
      vertex 4.63806 -3.80636 201.5
    endloop
  endfacet
  facet normal -0.242979 0.970032 0
    outer loop
      vertex 1.74171 -5.74164 198.5
      vertex 1.17054 -5.88471 201.5
      vertex 1.74171 -5.74164 201.5
    endloop
  endfacet
  facet normal -0.242979 0.970032 0
    outer loop
      vertex 1.17054 -5.88471 201.5
      vertex 1.74171 -5.74164 198.5
      vertex 1.17054 -5.88471 198.5
    endloop
  endfacet
  facet normal 0.242979 -0.970032 0
    outer loop
      vertex 1.17054 -5.88471 30
      vertex 1.74171 -5.74164 193.5
      vertex 1.17054 -5.88471 193.5
    endloop
  endfacet
  facet normal 0.242979 -0.970032 0
    outer loop
      vertex 1.74171 -5.74164 193.5
      vertex 1.17054 -5.88471 30
      vertex 1.74171 -5.74164 30
    endloop
  endfacet
  facet normal 0.941546 -0.336884 0
    outer loop
      vertex 5.54328 -2.2961 193.5
      vertex 5.74164 -1.74171 30
      vertex 5.74164 -1.74171 193.5
    endloop
  endfacet
  facet normal 0.941546 -0.336884 0
    outer loop
      vertex 5.74164 -1.74171 30
      vertex 5.54328 -2.2961 193.5
      vertex 5.54328 -2.2961 30
    endloop
  endfacet
  facet normal -0.941546 0.336884 0
    outer loop
      vertex 5.54328 -2.2961 198.5
      vertex 5.74164 -1.74171 201.5
      vertex 5.74164 -1.74171 198.5
    endloop
  endfacet
  facet normal -0.941546 0.336884 0
    outer loop
      vertex 5.74164 -1.74171 201.5
      vertex 5.54328 -2.2961 198.5
      vertex 5.54328 -2.2961 201.5
    endloop
  endfacet
  facet normal 0.242979 -0.970032 0
    outer loop
      vertex -1.74171 5.74164 198.5
      vertex -1.17054 5.88471 201.5
      vertex -1.74171 5.74164 201.5
    endloop
  endfacet
  facet normal 0.242979 -0.970032 0
    outer loop
      vertex -1.17054 5.88471 201.5
      vertex -1.74171 5.74164 198.5
      vertex -1.17054 5.88471 198.5
    endloop
  endfacet
  facet normal -0.242979 0.970032 0
    outer loop
      vertex -1.17054 5.88471 30
      vertex -1.74171 5.74164 193.5
      vertex -1.17054 5.88471 193.5
    endloop
  endfacet
  facet normal -0.242979 0.970032 0
    outer loop
      vertex -1.74171 5.74164 193.5
      vertex -1.17054 5.88471 30
      vertex -1.74171 5.74164 30
    endloop
  endfacet
  facet normal 0.903989 0.427556 0
    outer loop
      vertex -5.29153 -2.82838 201.5
      vertex -5.54328 -2.2961 198.5
      vertex -5.54328 -2.2961 201.5
    endloop
  endfacet
  facet normal 0.903989 0.427556 0
    outer loop
      vertex -5.54328 -2.2961 198.5
      vertex -5.29153 -2.82838 201.5
      vertex -5.29153 -2.82838 198.5
    endloop
  endfacet
  facet normal -0.903989 -0.427556 0
    outer loop
      vertex -5.29153 -2.82838 30
      vertex -5.54328 -2.2961 193.5
      vertex -5.54328 -2.2961 30
    endloop
  endfacet
  facet normal -0.903989 -0.427556 0
    outer loop
      vertex -5.54328 -2.2961 193.5
      vertex -5.29153 -2.82838 30
      vertex -5.29153 -2.82838 193.5
    endloop
  endfacet
  facet normal 0.989176 -0.146736 0
    outer loop
      vertex -5.97111 0.588102 201.5
      vertex -5.88471 1.17054 198.5
      vertex -5.88471 1.17054 201.5
    endloop
  endfacet
  facet normal 0.989176 -0.146736 0
    outer loop
      vertex -5.88471 1.17054 198.5
      vertex -5.97111 0.588102 201.5
      vertex -5.97111 0.588102 198.5
    endloop
  endfacet
  facet normal -0.989176 0.146736 0
    outer loop
      vertex -5.97111 0.588102 30
      vertex -5.88471 1.17054 193.5
      vertex -5.88471 1.17054 30
    endloop
  endfacet
  facet normal -0.989176 0.146736 0
    outer loop
      vertex -5.88471 1.17054 193.5
      vertex -5.97111 0.588102 30
      vertex -5.97111 0.588102 193.5
    endloop
  endfacet
  facet normal 0.427556 0.903989 -0
    outer loop
      vertex 2.82838 5.29153 30
      vertex 2.2961 5.54328 193.5
      vertex 2.82838 5.29153 193.5
    endloop
  endfacet
  facet normal 0.427556 0.903989 0
    outer loop
      vertex 2.2961 5.54328 193.5
      vertex 2.82838 5.29153 30
      vertex 2.2961 5.54328 30
    endloop
  endfacet
  facet normal -0.427556 -0.903989 0
    outer loop
      vertex 2.2961 5.54328 198.5
      vertex 2.82838 5.29153 201.5
      vertex 2.2961 5.54328 201.5
    endloop
  endfacet
  facet normal -0.427556 -0.903989 -0
    outer loop
      vertex 2.82838 5.29153 201.5
      vertex 2.2961 5.54328 198.5
      vertex 2.82838 5.29153 198.5
    endloop
  endfacet
  facet normal -0.740952 -0.671558 0
    outer loop
      vertex -4.24264 -4.24264 30
      vertex -4.63806 -3.80636 193.5
      vertex -4.63806 -3.80636 30
    endloop
  endfacet
  facet normal -0.740952 -0.671558 0
    outer loop
      vertex -4.63806 -3.80636 193.5
      vertex -4.24264 -4.24264 30
      vertex -4.24264 -4.24264 193.5
    endloop
  endfacet
  facet normal 0.740952 0.671558 0
    outer loop
      vertex -4.24264 -4.24264 201.5
      vertex -4.63806 -3.80636 198.5
      vertex -4.63806 -3.80636 201.5
    endloop
  endfacet
  facet normal 0.740952 0.671558 0
    outer loop
      vertex -4.63806 -3.80636 198.5
      vertex -4.24264 -4.24264 201.5
      vertex -4.24264 -4.24264 198.5
    endloop
  endfacet
  facet normal -0.857728 -0.514104 0
    outer loop
      vertex -4.98882 -3.33342 30
      vertex -5.29153 -2.82838 193.5
      vertex -5.29153 -2.82838 30
    endloop
  endfacet
  facet normal -0.857728 -0.514104 0
    outer loop
      vertex -5.29153 -2.82838 193.5
      vertex -4.98882 -3.33342 30
      vertex -4.98882 -3.33342 193.5
    endloop
  endfacet
  facet normal 0.857728 0.514104 0
    outer loop
      vertex -4.98882 -3.33342 201.5
      vertex -5.29153 -2.82838 198.5
      vertex -5.29153 -2.82838 201.5
    endloop
  endfacet
  facet normal 0.857728 0.514104 0
    outer loop
      vertex -5.29153 -2.82838 198.5
      vertex -4.98882 -3.33342 201.5
      vertex -4.98882 -3.33342 198.5
    endloop
  endfacet
  facet normal 0.336884 -0.941546 0
    outer loop
      vertex -2.2961 5.54328 198.5
      vertex -1.74171 5.74164 201.5
      vertex -2.2961 5.54328 201.5
    endloop
  endfacet
  facet normal 0.336884 -0.941546 0
    outer loop
      vertex -1.74171 5.74164 201.5
      vertex -2.2961 5.54328 198.5
      vertex -1.74171 5.74164 198.5
    endloop
  endfacet
  facet normal -0.336884 0.941546 0
    outer loop
      vertex -1.74171 5.74164 30
      vertex -2.2961 5.54328 193.5
      vertex -1.74171 5.74164 193.5
    endloop
  endfacet
  facet normal -0.336884 0.941546 0
    outer loop
      vertex -2.2961 5.54328 193.5
      vertex -1.74171 5.74164 30
      vertex -2.2961 5.54328 30
    endloop
  endfacet
  facet normal 0.514104 0.857728 -0
    outer loop
      vertex -2.82838 -5.29153 198.5
      vertex -3.33342 -4.98882 201.5
      vertex -2.82838 -5.29153 201.5
    endloop
  endfacet
  facet normal 0.514104 0.857728 0
    outer loop
      vertex -3.33342 -4.98882 201.5
      vertex -2.82838 -5.29153 198.5
      vertex -3.33342 -4.98882 198.5
    endloop
  endfacet
  facet normal -0.514104 -0.857728 0
    outer loop
      vertex -3.33342 -4.98882 30
      vertex -2.82838 -5.29153 193.5
      vertex -3.33342 -4.98882 193.5
    endloop
  endfacet
  facet normal -0.514104 -0.857728 -0
    outer loop
      vertex -2.82838 -5.29153 193.5
      vertex -3.33342 -4.98882 30
      vertex -2.82838 -5.29153 30
    endloop
  endfacet
  facet normal 0.941546 -0.336884 0
    outer loop
      vertex -5.74164 1.74171 201.5
      vertex -5.54328 2.2961 198.5
      vertex -5.54328 2.2961 201.5
    endloop
  endfacet
  facet normal 0.941546 -0.336884 0
    outer loop
      vertex -5.54328 2.2961 198.5
      vertex -5.74164 1.74171 201.5
      vertex -5.74164 1.74171 198.5
    endloop
  endfacet
  facet normal -0.941546 0.336884 0
    outer loop
      vertex -5.74164 1.74171 30
      vertex -5.54328 2.2961 193.5
      vertex -5.54328 2.2961 30
    endloop
  endfacet
  facet normal -0.941546 0.336884 0
    outer loop
      vertex -5.54328 2.2961 193.5
      vertex -5.74164 1.74171 30
      vertex -5.74164 1.74171 193.5
    endloop
  endfacet
  facet normal -0.595703 0.803204 0
    outer loop
      vertex 3.80636 -4.63806 198.5
      vertex 3.33342 -4.98882 201.5
      vertex 3.80636 -4.63806 201.5
    endloop
  endfacet
  facet normal -0.595703 0.803204 0
    outer loop
      vertex 3.33342 -4.98882 201.5
      vertex 3.80636 -4.63806 198.5
      vertex 3.33342 -4.98882 198.5
    endloop
  endfacet
  facet normal 0.595703 -0.803204 0
    outer loop
      vertex 3.33342 -4.98882 30
      vertex 3.80636 -4.63806 193.5
      vertex 3.33342 -4.98882 193.5
    endloop
  endfacet
  facet normal 0.595703 -0.803204 0
    outer loop
      vertex 3.80636 -4.63806 193.5
      vertex 3.33342 -4.98882 30
      vertex 3.80636 -4.63806 30
    endloop
  endfacet
  facet normal -0.740952 -0.671558 0
    outer loop
      vertex 4.63806 3.80636 198.5
      vertex 4.24264 4.24264 201.5
      vertex 4.24264 4.24264 198.5
    endloop
  endfacet
  facet normal -0.740952 -0.671558 0
    outer loop
      vertex 4.24264 4.24264 201.5
      vertex 4.63806 3.80636 198.5
      vertex 4.63806 3.80636 201.5
    endloop
  endfacet
  facet normal 0.740952 0.671558 0
    outer loop
      vertex 4.63806 3.80636 193.5
      vertex 4.24264 4.24264 30
      vertex 4.24264 4.24264 193.5
    endloop
  endfacet
  facet normal 0.740952 0.671558 0
    outer loop
      vertex 4.24264 4.24264 30
      vertex 4.63806 3.80636 193.5
      vertex 4.63806 3.80636 30
    endloop
  endfacet
  facet normal -0.803204 -0.595703 0
    outer loop
      vertex -4.63806 -3.80636 30
      vertex -4.98882 -3.33342 193.5
      vertex -4.98882 -3.33342 30
    endloop
  endfacet
  facet normal -0.803204 -0.595703 0
    outer loop
      vertex -4.98882 -3.33342 193.5
      vertex -4.63806 -3.80636 30
      vertex -4.63806 -3.80636 193.5
    endloop
  endfacet
  facet normal 0.803204 0.595703 0
    outer loop
      vertex -4.63806 -3.80636 201.5
      vertex -4.98882 -3.33342 198.5
      vertex -4.98882 -3.33342 201.5
    endloop
  endfacet
  facet normal 0.803204 0.595703 0
    outer loop
      vertex -4.98882 -3.33342 198.5
      vertex -4.63806 -3.80636 201.5
      vertex -4.63806 -3.80636 198.5
    endloop
  endfacet
  facet normal 0.514104 -0.857728 0
    outer loop
      vertex -3.33342 4.98882 198.5
      vertex -2.82838 5.29153 201.5
      vertex -3.33342 4.98882 201.5
    endloop
  endfacet
  facet normal 0.514104 -0.857728 0
    outer loop
      vertex -2.82838 5.29153 201.5
      vertex -3.33342 4.98882 198.5
      vertex -2.82838 5.29153 198.5
    endloop
  endfacet
  facet normal -0.514104 0.857728 0
    outer loop
      vertex -2.82838 5.29153 30
      vertex -3.33342 4.98882 193.5
      vertex -2.82838 5.29153 193.5
    endloop
  endfacet
  facet normal -0.514104 0.857728 0
    outer loop
      vertex -3.33342 4.98882 193.5
      vertex -2.82838 5.29153 30
      vertex -3.33342 4.98882 30
    endloop
  endfacet
  facet normal 0.989176 0.146736 0
    outer loop
      vertex -5.88471 -1.17054 201.5
      vertex -5.97111 -0.588102 198.5
      vertex -5.97111 -0.588102 201.5
    endloop
  endfacet
  facet normal 0.989176 0.146736 0
    outer loop
      vertex -5.97111 -0.588102 198.5
      vertex -5.88471 -1.17054 201.5
      vertex -5.88471 -1.17054 198.5
    endloop
  endfacet
  facet normal -0.989176 -0.146736 0
    outer loop
      vertex -5.88471 -1.17054 30
      vertex -5.97111 -0.588102 193.5
      vertex -5.97111 -0.588102 30
    endloop
  endfacet
  facet normal -0.989176 -0.146736 0
    outer loop
      vertex -5.97111 -0.588102 193.5
      vertex -5.88471 -1.17054 30
      vertex -5.88471 -1.17054 193.5
    endloop
  endfacet
  facet normal 0.903989 -0.427556 0
    outer loop
      vertex -5.54328 2.2961 201.5
      vertex -5.29153 2.82838 198.5
      vertex -5.29153 2.82838 201.5
    endloop
  endfacet
  facet normal 0.903989 -0.427556 0
    outer loop
      vertex -5.29153 2.82838 198.5
      vertex -5.54328 2.2961 201.5
      vertex -5.54328 2.2961 198.5
    endloop
  endfacet
  facet normal -0.903989 0.427556 0
    outer loop
      vertex -5.54328 2.2961 30
      vertex -5.29153 2.82838 193.5
      vertex -5.29153 2.82838 30
    endloop
  endfacet
  facet normal -0.903989 0.427556 0
    outer loop
      vertex -5.29153 2.82838 193.5
      vertex -5.54328 2.2961 30
      vertex -5.54328 2.2961 193.5
    endloop
  endfacet
  facet normal -0.671558 -0.740952 0
    outer loop
      vertex -4.24264 -4.24264 30
      vertex -3.80636 -4.63806 193.5
      vertex -4.24264 -4.24264 193.5
    endloop
  endfacet
  facet normal -0.671558 -0.740952 -0
    outer loop
      vertex -3.80636 -4.63806 193.5
      vertex -4.24264 -4.24264 30
      vertex -3.80636 -4.63806 30
    endloop
  endfacet
  facet normal 0.671558 0.740952 -0
    outer loop
      vertex -3.80636 -4.63806 198.5
      vertex -4.24264 -4.24264 201.5
      vertex -3.80636 -4.63806 201.5
    endloop
  endfacet
  facet normal 0.671558 0.740952 0
    outer loop
      vertex -4.24264 -4.24264 201.5
      vertex -3.80636 -4.63806 198.5
      vertex -4.24264 -4.24264 198.5
    endloop
  endfacet
  facet normal -0.803204 0.595703 0
    outer loop
      vertex -4.98882 3.33342 30
      vertex -4.63806 3.80636 193.5
      vertex -4.63806 3.80636 30
    endloop
  endfacet
  facet normal -0.803204 0.595703 0
    outer loop
      vertex -4.63806 3.80636 193.5
      vertex -4.98882 3.33342 30
      vertex -4.98882 3.33342 193.5
    endloop
  endfacet
  facet normal 0.803204 -0.595703 0
    outer loop
      vertex -4.98882 3.33342 201.5
      vertex -4.63806 3.80636 198.5
      vertex -4.63806 3.80636 201.5
    endloop
  endfacet
  facet normal 0.803204 -0.595703 0
    outer loop
      vertex -4.63806 3.80636 198.5
      vertex -4.98882 3.33342 201.5
      vertex -4.98882 3.33342 198.5
    endloop
  endfacet
  facet normal -0.049065 -0.998796 0
    outer loop
      vertex -0.588102 -5.97111 30
      vertex 0 -6 193.5
      vertex -0.588102 -5.97111 193.5
    endloop
  endfacet
  facet normal -0.049065 -0.998796 -0
    outer loop
      vertex 0 -6 193.5
      vertex -0.588102 -5.97111 30
      vertex 0 -6 30
    endloop
  endfacet
  facet normal 0.049065 0.998796 -0
    outer loop
      vertex 0 -6 198.5
      vertex -0.588102 -5.97111 201.5
      vertex 0 -6 201.5
    endloop
  endfacet
  facet normal 0.049065 0.998796 0
    outer loop
      vertex -0.588102 -5.97111 201.5
      vertex 0 -6 198.5
      vertex -0.588102 -5.97111 198.5
    endloop
  endfacet
  facet normal 0.998796 -0.049065 0
    outer loop
      vertex -6 0 201.5
      vertex -5.97111 0.588102 198.5
      vertex -5.97111 0.588102 201.5
    endloop
  endfacet
  facet normal 0.998796 -0.049065 0
    outer loop
      vertex -5.97111 0.588102 198.5
      vertex -6 0 201.5
      vertex -6 0 198.5
    endloop
  endfacet
  facet normal -0.998796 0.049065 0
    outer loop
      vertex -6 0 30
      vertex -5.97111 0.588102 193.5
      vertex -5.97111 0.588102 30
    endloop
  endfacet
  facet normal -0.998796 0.049065 0
    outer loop
      vertex -5.97111 0.588102 193.5
      vertex -6 0 30
      vertex -6 0 193.5
    endloop
  endfacet
  facet normal -0.671558 0.740952 0
    outer loop
      vertex 4.24264 -4.24264 198.5
      vertex 3.80636 -4.63806 201.5
      vertex 4.24264 -4.24264 201.5
    endloop
  endfacet
  facet normal -0.671558 0.740952 0
    outer loop
      vertex 3.80636 -4.63806 201.5
      vertex 4.24264 -4.24264 198.5
      vertex 3.80636 -4.63806 198.5
    endloop
  endfacet
  facet normal 0.671558 -0.740952 0
    outer loop
      vertex 3.80636 -4.63806 30
      vertex 4.24264 -4.24264 193.5
      vertex 3.80636 -4.63806 193.5
    endloop
  endfacet
  facet normal 0.671558 -0.740952 0
    outer loop
      vertex 4.24264 -4.24264 193.5
      vertex 3.80636 -4.63806 30
      vertex 4.24264 -4.24264 30
    endloop
  endfacet
  facet normal 1 -0 0
    outer loop
      vertex 15 -15 30
      vertex 15 15 0
      vertex 15 15 30
    endloop
  endfacet
  facet normal 1 0 0
    outer loop
      vertex 15 15 0
      vertex 15 -15 30
      vertex 15 -15 0
    endloop
  endfacet
  facet normal 0 0 1
    outer loop
      vertex 15 15 30
      vertex 6 0 30
      vertex 15 -15 30
    endloop
  endfacet
  facet normal 0 0 1
    outer loop
      vertex 15 15 30
      vertex 5.97111 0.588102 30
      vertex 6 0 30
    endloop
  endfacet
  facet normal 0 0 1
    outer loop
      vertex 15 15 30
      vertex 5.88471 1.17054 30
      vertex 5.97111 0.588102 30
    endloop
  endfacet
  facet normal 0 0 1
    outer loop
      vertex 15 15 30
      vertex 5.74164 1.74171 30
      vertex 5.88471 1.17054 30
    endloop
  endfacet
  facet normal 0 0 1
    outer loop
      vertex 15 15 30
      vertex 5.54328 2.2961 30
      vertex 5.74164 1.74171 30
    endloop
  endfacet
  facet normal 0 0 1
    outer loop
      vertex 15 15 30
      vertex 5.29153 2.82838 30
      vertex 5.54328 2.2961 30
    endloop
  endfacet
  facet normal 0 0 1
    outer loop
      vertex 15 15 30
      vertex 4.98882 3.33342 30
      vertex 5.29153 2.82838 30
    endloop
  endfacet
  facet normal 0 0 1
    outer loop
      vertex 15 15 30
      vertex 4.63806 3.80636 30
      vertex 4.98882 3.33342 30
    endloop
  endfacet
  facet normal 0 0 1
    outer loop
      vertex 15 15 30
      vertex 4.24264 4.24264 30
      vertex 4.63806 3.80636 30
    endloop
  endfacet
  facet normal 0 0 1
    outer loop
      vertex 15 15 30
      vertex 3.80636 4.63806 30
      vertex 4.24264 4.24264 30
    endloop
  endfacet
  facet normal 0 0 1
    outer loop
      vertex 15 15 30
      vertex 3.33342 4.98882 30
      vertex 3.80636 4.63806 30
    endloop
  endfacet
  facet normal 0 0 1
    outer loop
      vertex 15 15 30
      vertex 2.82838 5.29153 30
      vertex 3.33342 4.98882 30
    endloop
  endfacet
  facet normal 0 0 1
    outer loop
      vertex 15 15 30
      vertex 2.2961 5.54328 30
      vertex 2.82838 5.29153 30
    endloop
  endfacet
  facet normal 0 0 1
    outer loop
      vertex 15 15 30
      vertex 1.74171 5.74164 30
      vertex 2.2961 5.54328 30
    endloop
  endfacet
  facet normal 0 0 1
    outer loop
      vertex 15 15 30
      vertex 1.17054 5.88471 30
      vertex 1.74171 5.74164 30
    endloop
  endfacet
  facet normal 0 0 1
    outer loop
      vertex 15 15 30
      vertex 0.588102 5.97111 30
      vertex 1.17054 5.88471 30
    endloop
  endfacet
  facet normal 0 0 1
    outer loop
      vertex 15 15 30
      vertex 0 6 30
      vertex 0.588102 5.97111 30
    endloop
  endfacet
  facet normal -0 0 1
    outer loop
      vertex -15 15 30
      vertex 0 6 30
      vertex 15 15 30
    endloop
  endfacet
  facet normal 0 0 1
    outer loop
      vertex 0 6 30
      vertex -15 15 30
      vertex -0.588102 5.97111 30
    endloop
  endfacet
  facet normal 0 0 1
    outer loop
      vertex -0.588102 5.97111 30
      vertex -15 15 30
      vertex -1.17054 5.88471 30
    endloop
  endfacet
  facet normal 0 0 1
    outer loop
      vertex -1.17054 5.88471 30
      vertex -15 15 30
      vertex -1.74171 5.74164 30
    endloop
  endfacet
  facet normal 0 0 1
    outer loop
      vertex -1.74171 5.74164 30
      vertex -15 15 30
      vertex -2.2961 5.54328 30
    endloop
  endfacet
  facet normal 0 0 1
    outer loop
      vertex -5.97111 0.588102 30
      vertex -15 15 30
      vertex -6 0 30
    endloop
  endfacet
  facet normal 0 0 1
    outer loop
      vertex -5.88471 1.17054 30
      vertex -15 15 30
      vertex -5.97111 0.588102 30
    endloop
  endfacet
  facet normal 0 0 1
    outer loop
      vertex -5.74164 1.74171 30
      vertex -15 15 30
      vertex -5.88471 1.17054 30
    endloop
  endfacet
  facet normal 0 0 1
    outer loop
      vertex -5.54328 2.2961 30
      vertex -15 15 30
      vertex -5.74164 1.74171 30
    endloop
  endfacet
  facet normal 0 0 1
    outer loop
      vertex -5.29153 2.82838 30
      vertex -15 15 30
      vertex -5.54328 2.2961 30
    endloop
  endfacet
  facet normal 0 0 1
    outer loop
      vertex -4.98882 3.33342 30
      vertex -15 15 30
      vertex -5.29153 2.82838 30
    endloop
  endfacet
  facet normal 0 0 1
    outer loop
      vertex -4.63806 3.80636 30
      vertex -15 15 30
      vertex -4.98882 3.33342 30
    endloop
  endfacet
  facet normal 0 0 1
    outer loop
      vertex -4.24264 4.24264 30
      vertex -15 15 30
      vertex -4.63806 3.80636 30
    endloop
  endfacet
  facet normal 0 0 1
    outer loop
      vertex -3.80636 4.63806 30
      vertex -15 15 30
      vertex -4.24264 4.24264 30
    endloop
  endfacet
  facet normal 0 0 1
    outer loop
      vertex -3.33342 4.98882 30
      vertex -15 15 30
      vertex -3.80636 4.63806 30
    endloop
  endfacet
  facet normal 0 0 1
    outer loop
      vertex -2.82838 5.29153 30
      vertex -15 15 30
      vertex -3.33342 4.98882 30
    endloop
  endfacet
  facet normal 0 0 1
    outer loop
      vertex -2.2961 5.54328 30
      vertex -15 15 30
      vertex -2.82838 5.29153 30
    endloop
  endfacet
  facet normal -0 0 1
    outer loop
      vertex 5.97111 -0.588102 30
      vertex 15 -15 30
      vertex 6 0 30
    endloop
  endfacet
  facet normal -0 0 1
    outer loop
      vertex 5.88471 -1.17054 30
      vertex 15 -15 30
      vertex 5.97111 -0.588102 30
    endloop
  endfacet
  facet normal -0 0 1
    outer loop
      vertex 5.74164 -1.74171 30
      vertex 15 -15 30
      vertex 5.88471 -1.17054 30
    endloop
  endfacet
  facet normal -0 0 1
    outer loop
      vertex 5.54328 -2.2961 30
      vertex 15 -15 30
      vertex 5.74164 -1.74171 30
    endloop
  endfacet
  facet normal -0 0 1
    outer loop
      vertex 5.29153 -2.82838 30
      vertex 15 -15 30
      vertex 5.54328 -2.2961 30
    endloop
  endfacet
  facet normal -0 0 1
    outer loop
      vertex 4.98882 -3.33342 30
      vertex 15 -15 30
      vertex 5.29153 -2.82838 30
    endloop
  endfacet
  facet normal -0 0 1
    outer loop
      vertex 4.63806 -3.80636 30
      vertex 15 -15 30
      vertex 4.98882 -3.33342 30
    endloop
  endfacet
  facet normal -0 0 1
    outer loop
      vertex 4.24264 -4.24264 30
      vertex 15 -15 30
      vertex 4.63806 -3.80636 30
    endloop
  endfacet
  facet normal -0 0 1
    outer loop
      vertex 3.80636 -4.63806 30
      vertex 15 -15 30
      vertex 4.24264 -4.24264 30
    endloop
  endfacet
  facet normal -0 0 1
    outer loop
      vertex 3.33342 -4.98882 30
      vertex 15 -15 30
      vertex 3.80636 -4.63806 30
    endloop
  endfacet
  facet normal -0 0 1
    outer loop
      vertex 2.82838 -5.29153 30
      vertex 15 -15 30
      vertex 3.33342 -4.98882 30
    endloop
  endfacet
  facet normal -0 0 1
    outer loop
      vertex 2.2961 -5.54328 30
      vertex 15 -15 30
      vertex 2.82838 -5.29153 30
    endloop
  endfacet
  facet normal -0 0 1
    outer loop
      vertex 1.74171 -5.74164 30
      vertex 15 -15 30
      vertex 2.2961 -5.54328 30
    endloop
  endfacet
  facet normal -0 0 1
    outer loop
      vertex 1.17054 -5.88471 30
      vertex 15 -15 30
      vertex 1.74171 -5.74164 30
    endloop
  endfacet
  facet normal -0 0 1
    outer loop
      vertex 0.588102 -5.97111 30
      vertex 15 -15 30
      vertex 1.17054 -5.88471 30
    endloop
  endfacet
  facet normal -0 0 1
    outer loop
      vertex 0 -6 30
      vertex 15 -15 30
      vertex 0.588102 -5.97111 30
    endloop
  endfacet
  facet normal 0 0 1
    outer loop
      vertex -15 -15 30
      vertex 0 -6 30
      vertex -0.588102 -5.97111 30
    endloop
  endfacet
  facet normal 0 0 1
    outer loop
      vertex -15 -15 30
      vertex -0.588102 -5.97111 30
      vertex -1.17054 -5.88471 30
    endloop
  endfacet
  facet normal 0 0 1
    outer loop
      vertex -15 -15 30
      vertex -1.17054 -5.88471 30
      vertex -1.74171 -5.74164 30
    endloop
  endfacet
  facet normal 0 0 1
    outer loop
      vertex -15 -15 30
      vertex -1.74171 -5.74164 30
      vertex -2.2961 -5.54328 30
    endloop
  endfacet
  facet normal 0 0 1
    outer loop
      vertex -15 -15 30
      vertex -2.2961 -5.54328 30
      vertex -2.82838 -5.29153 30
    endloop
  endfacet
  facet normal 0 0 1
    outer loop
      vertex -15 -15 30
      vertex -6 0 30
      vertex -15 15 30
    endloop
  endfacet
  facet normal 0 0 1
    outer loop
      vertex -6 0 30
      vertex -15 -15 30
      vertex -5.97111 -0.588102 30
    endloop
  endfacet
  facet normal 0 0 1
    outer loop
      vertex -5.97111 -0.588102 30
      vertex -15 -15 30
      vertex -5.88471 -1.17054 30
    endloop
  endfacet
  facet normal 0 0 1
    outer loop
      vertex -5.88471 -1.17054 30
      vertex -15 -15 30
      vertex -5.74164 -1.74171 30
    endloop
  endfacet
  facet normal 0 0 1
    outer loop
      vertex -5.74164 -1.74171 30
      vertex -15 -15 30
      vertex -5.54328 -2.2961 30
    endloop
  endfacet
  facet normal 0 0 1
    outer loop
      vertex 0 -6 30
      vertex -15 -15 30
      vertex 15 -15 30
    endloop
  endfacet
  facet normal 0 0 1
    outer loop
      vertex -3.33342 -4.98882 30
      vertex -15 -15 30
      vertex -2.82838 -5.29153 30
    endloop
  endfacet
  facet normal 0 0 1
    outer loop
      vertex -3.80636 -4.63806 30
      vertex -15 -15 30
      vertex -3.33342 -4.98882 30
    endloop
  endfacet
  facet normal 0 0 1
    outer loop
      vertex -4.24264 -4.24264 30
      vertex -15 -15 30
      vertex -3.80636 -4.63806 30
    endloop
  endfacet
  facet normal 0 0 1
    outer loop
      vertex -4.63806 -3.80636 30
      vertex -15 -15 30
      vertex -4.24264 -4.24264 30
    endloop
  endfacet
  facet normal 0 0 1
    outer loop
      vertex -4.98882 -3.33342 30
      vertex -15 -15 30
      vertex -4.63806 -3.80636 30
    endloop
  endfacet
  facet normal 0 0 1
    outer loop
      vertex -5.29153 -2.82838 30
      vertex -15 -15 30
      vertex -4.98882 -3.33342 30
    endloop
  endfacet
  facet normal 0 0 1
    outer loop
      vertex -5.54328 -2.2961 30
      vertex -15 -15 30
      vertex -5.29153 -2.82838 30
    endloop
  endfacet
  facet normal 0 0 -1
    outer loop
      vertex -15 -15 0
      vertex 15 15 0
      vertex 15 -15 0
    endloop
  endfacet
  facet normal -0 0 -1
    outer loop
      vertex 15 15 0
      vertex -15 -15 0
      vertex -15 15 0
    endloop
  endfacet
  facet normal -1 0 0
    outer loop
      vertex -15 -15 0
      vertex -15 15 30
      vertex -15 15 0
    endloop
  endfacet
  facet normal -1 -0 0
    outer loop
      vertex -15 15 30
      vertex -15 -15 0
      vertex -15 -15 30
    endloop
  endfacet
  facet normal 0 1 -0
    outer loop
      vertex 15 15 0
      vertex -15 15 30
      vertex 15 15 30
    endloop
  endfacet
  facet normal 0 1 0
    outer loop
      vertex -15 15 30
      vertex 15 15 0
      vertex -15 15 0
    endloop
  endfacet
  facet normal 0 -1 0
    outer loop
      vertex -15 -15 0
      vertex 15 -15 30
      vertex -15 -15 30
    endloop
  endfacet
  facet normal 0 -1 -0
    outer loop
      vertex 15 -15 30
      vertex -15 -15 0
      vertex 15 -15 0
    endloop
  endfacet
  facet normal 0 0 1
    outer loop
      vertex 5.97111 0.588102 198.5
      vertex 5.97111 -0.588102 198.5
      vertex 6 0 198.5
    endloop
  endfacet
  facet normal 0 0 1
    outer loop
      vertex 5.88471 1.17054 198.5
      vertex 5.97111 -0.588102 198.5
      vertex 5.97111 0.588102 198.5
    endloop
  endfacet
  facet normal 0 0 1
    outer loop
      vertex 5.88471 1.17054 198.5
      vertex 5.88471 -1.17054 198.5
      vertex 5.97111 -0.588102 198.5
    endloop
  endfacet
  facet normal 0 0 1
    outer loop
      vertex 5.74164 1.74171 198.5
      vertex 5.88471 -1.17054 198.5
      vertex 5.88471 1.17054 198.5
    endloop
  endfacet
  facet normal 0 0 1
    outer loop
      vertex 5.74164 1.74171 198.5
      vertex 5.74164 -1.74171 198.5
      vertex 5.88471 -1.17054 198.5
    endloop
  endfacet
  facet normal 0 0 1
    outer loop
      vertex 5.54328 2.2961 198.5
      vertex 5.74164 -1.74171 198.5
      vertex 5.74164 1.74171 198.5
    endloop
  endfacet
  facet normal 0 0 1
    outer loop
      vertex 5.54328 2.2961 198.5
      vertex 5.54328 -2.2961 198.5
      vertex 5.74164 -1.74171 198.5
    endloop
  endfacet
  facet normal 0 0 1
    outer loop
      vertex 5.29153 2.82838 198.5
      vertex 5.54328 -2.2961 198.5
      vertex 5.54328 2.2961 198.5
    endloop
  endfacet
  facet normal 0 0 1
    outer loop
      vertex 5.29153 2.82838 198.5
      vertex 5.29153 -2.82838 198.5
      vertex 5.54328 -2.2961 198.5
    endloop
  endfacet
  facet normal 0 0 1
    outer loop
      vertex 4.98882 3.33342 198.5
      vertex 5.29153 -2.82838 198.5
      vertex 5.29153 2.82838 198.5
    endloop
  endfacet
  facet normal 0 0 1
    outer loop
      vertex 4.98882 3.33342 198.5
      vertex 4.98882 -3.33342 198.5
      vertex 5.29153 -2.82838 198.5
    endloop
  endfacet
  facet normal 0 0 1
    outer loop
      vertex 4.63806 3.80636 198.5
      vertex 4.98882 -3.33342 198.5
      vertex 4.98882 3.33342 198.5
    endloop
  endfacet
  facet normal 0 0 1
    outer loop
      vertex 4.63806 3.80636 198.5
      vertex 4.63806 -3.80636 198.5
      vertex 4.98882 -3.33342 198.5
    endloop
  endfacet
  facet normal 0 0 1
    outer loop
      vertex 4.24264 4.24264 198.5
      vertex 4.63806 -3.80636 198.5
      vertex 4.63806 3.80636 198.5
    endloop
  endfacet
  facet normal 0 0 1
    outer loop
      vertex 4.24264 4.24264 198.5
      vertex 4.24264 -4.24264 198.5
      vertex 4.63806 -3.80636 198.5
    endloop
  endfacet
  facet normal 0 0 1
    outer loop
      vertex 3.80636 4.63806 198.5
      vertex 4.24264 -4.24264 198.5
      vertex 4.24264 4.24264 198.5
    endloop
  endfacet
  facet normal 0 0 1
    outer loop
      vertex 3.80636 4.63806 198.5
      vertex 3.80636 -4.63806 198.5
      vertex 4.24264 -4.24264 198.5
    endloop
  endfacet
  facet normal 0 0 1
    outer loop
      vertex 3.33342 4.98882 198.5
      vertex 3.80636 -4.63806 198.5
      vertex 3.80636 4.63806 198.5
    endloop
  endfacet
  facet normal 0 0 1
    outer loop
      vertex 3.33342 4.98882 198.5
      vertex 3.33342 -4.98882 198.5
      vertex 3.80636 -4.63806 198.5
    endloop
  endfacet
  facet normal 0 0 1
    outer loop
      vertex 2.82838 5.29153 198.5
      vertex 3.33342 -4.98882 198.5
      vertex 3.33342 4.98882 198.5
    endloop
  endfacet
  facet normal 0 0 1
    outer loop
      vertex 2.82838 5.29153 198.5
      vertex 2.82838 -5.29153 198.5
      vertex 3.33342 -4.98882 198.5
    endloop
  endfacet
  facet normal 0 0 1
    outer loop
      vertex 2.2961 5.54328 198.5
      vertex 2.82838 -5.29153 198.5
      vertex 2.82838 5.29153 198.5
    endloop
  endfacet
  facet normal 0 0 1
    outer loop
      vertex 2.2961 5.54328 198.5
      vertex 2.2961 -5.54328 198.5
      vertex 2.82838 -5.29153 198.5
    endloop
  endfacet
  facet normal 0 0 1
    outer loop
      vertex 1.74171 5.74164 198.5
      vertex 2.2961 -5.54328 198.5
      vertex 2.2961 5.54328 198.5
    endloop
  endfacet
  facet normal 0 0 1
    outer loop
      vertex 1.74171 5.74164 198.5
      vertex 1.74171 -5.74164 198.5
      vertex 2.2961 -5.54328 198.5
    endloop
  endfacet
  facet normal 0 0 1
    outer loop
      vertex 1.17054 5.88471 198.5
      vertex 1.74171 -5.74164 198.5
      vertex 1.74171 5.74164 198.5
    endloop
  endfacet
  facet normal 0 0 1
    outer loop
      vertex 1.17054 5.88471 198.5
      vertex 1.17054 -5.88471 198.5
      vertex 1.74171 -5.74164 198.5
    endloop
  endfacet
  facet normal 0 0 1
    outer loop
      vertex 0.588102 5.97111 198.5
      vertex 1.17054 -5.88471 198.5
      vertex 1.17054 5.88471 198.5
    endloop
  endfacet
  facet normal 0 0 1
    outer loop
      vertex 0.588102 5.97111 198.5
      vertex 0.588102 -5.97111 198.5
      vertex 1.17054 -5.88471 198.5
    endloop
  endfacet
  facet normal 0 0 1
    outer loop
      vertex 0 6 198.5
      vertex 0.588102 -5.97111 198.5
      vertex 0.588102 5.97111 198.5
    endloop
  endfacet
  facet normal 0 0 1
    outer loop
      vertex 0 6 198.5
      vertex 0 -6 198.5
      vertex 0.588102 -5.97111 198.5
    endloop
  endfacet
  facet normal -0 0 1
    outer loop
      vertex -0.588102 5.97111 198.5
      vertex 0 -6 198.5
      vertex 0 6 198.5
    endloop
  endfacet
  facet normal 0 0 1
    outer loop
      vertex -0.588102 5.97111 198.5
      vertex -0.588102 -5.97111 198.5
      vertex 0 -6 198.5
    endloop
  endfacet
  facet normal -0 0 1
    outer loop
      vertex -1.17054 5.88471 198.5
      vertex -0.588102 -5.97111 198.5
      vertex -0.588102 5.97111 198.5
    endloop
  endfacet
  facet normal 0 0 1
    outer loop
      vertex -1.17054 5.88471 198.5
      vertex -1.17054 -5.88471 198.5
      vertex -0.588102 -5.97111 198.5
    endloop
  endfacet
  facet normal -0 0 1
    outer loop
      vertex -1.74171 5.74164 198.5
      vertex -1.17054 -5.88471 198.5
      vertex -1.17054 5.88471 198.5
    endloop
  endfacet
  facet normal 0 0 1
    outer loop
      vertex -1.74171 5.74164 198.5
      vertex -1.74171 -5.74164 198.5
      vertex -1.17054 -5.88471 198.5
    endloop
  endfacet
  facet normal -0 0 1
    outer loop
      vertex -2.2961 5.54328 198.5
      vertex -1.74171 -5.74164 198.5
      vertex -1.74171 5.74164 198.5
    endloop
  endfacet
  facet normal 0 0 1
    outer loop
      vertex -2.2961 5.54328 198.5
      vertex -2.2961 -5.54328 198.5
      vertex -1.74171 -5.74164 198.5
    endloop
  endfacet
  facet normal -0 0 1
    outer loop
      vertex -2.82838 5.29153 198.5
      vertex -2.2961 -5.54328 198.5
      vertex -2.2961 5.54328 198.5
    endloop
  endfacet
  facet normal 0 0 1
    outer loop
      vertex -2.82838 5.29153 198.5
      vertex -2.82838 -5.29153 198.5
      vertex -2.2961 -5.54328 198.5
    endloop
  endfacet
  facet normal -0 0 1
    outer loop
      vertex -3.33342 4.98882 198.5
      vertex -2.82838 -5.29153 198.5
      vertex -2.82838 5.29153 198.5
    endloop
  endfacet
  facet normal 0 0 1
    outer loop
      vertex -3.33342 4.98882 198.5
      vertex -3.33342 -4.98882 198.5
      vertex -2.82838 -5.29153 198.5
    endloop
  endfacet
  facet normal -0 0 1
    outer loop
      vertex -3.80636 4.63806 198.5
      vertex -3.33342 -4.98882 198.5
      vertex -3.33342 4.98882 198.5
    endloop
  endfacet
  facet normal 0 0 1
    outer loop
      vertex -3.80636 4.63806 198.5
      vertex -3.80636 -4.63806 198.5
      vertex -3.33342 -4.98882 198.5
    endloop
  endfacet
  facet normal -0 0 1
    outer loop
      vertex -4.24264 4.24264 198.5
      vertex -3.80636 -4.63806 198.5
      vertex -3.80636 4.63806 198.5
    endloop
  endfacet
  facet normal 0 0 1
    outer loop
      vertex -4.24264 4.24264 198.5
      vertex -4.24264 -4.24264 198.5
      vertex -3.80636 -4.63806 198.5
    endloop
  endfacet
  facet normal -0 0 1
    outer loop
      vertex -4.63806 3.80636 198.5
      vertex -4.24264 -4.24264 198.5
      vertex -4.24264 4.24264 198.5
    endloop
  endfacet
  facet normal 0 0 1
    outer loop
      vertex -4.63806 3.80636 198.5
      vertex -4.63806 -3.80636 198.5
      vertex -4.24264 -4.24264 198.5
    endloop
  endfacet
  facet normal -0 0 1
    outer loop
      vertex -4.98882 3.33342 198.5
      vertex -4.63806 -3.80636 198.5
      vertex -4.63806 3.80636 198.5
    endloop
  endfacet
  facet normal 0 0 1
    outer loop
      vertex -4.98882 3.33342 198.5
      vertex -4.98882 -3.33342 198.5
      vertex -4.63806 -3.80636 198.5
    endloop
  endfacet
  facet normal -0 0 1
    outer loop
      vertex -5.29153 2.82838 198.5
      vertex -4.98882 -3.33342 198.5
      vertex -4.98882 3.33342 198.5
    endloop
  endfacet
  facet normal 0 0 1
    outer loop
      vertex -5.29153 2.82838 198.5
      vertex -5.29153 -2.82838 198.5
      vertex -4.98882 -3.33342 198.5
    endloop
  endfacet
  facet normal -0 0 1
    outer loop
      vertex -5.54328 2.2961 198.5
      vertex -5.29153 -2.82838 198.5
      vertex -5.29153 2.82838 198.5
    endloop
  endfacet
  facet normal 0 0 1
    outer loop
      vertex -5.54328 2.2961 198.5
      vertex -5.54328 -2.2961 198.5
      vertex -5.29153 -2.82838 198.5
    endloop
  endfacet
  facet normal -0 0 1
    outer loop
      vertex -5.74164 1.74171 198.5
      vertex -5.54328 -2.2961 198.5
      vertex -5.54328 2.2961 198.5
    endloop
  endfacet
  facet normal 0 0 1
    outer loop
      vertex -5.74164 1.74171 198.5
      vertex -5.74164 -1.74171 198.5
      vertex -5.54328 -2.2961 198.5
    endloop
  endfacet
  facet normal -0 0 1
    outer loop
      vertex -5.88471 1.17054 198.5
      vertex -5.74164 -1.74171 198.5
      vertex -5.74164 1.74171 198.5
    endloop
  endfacet
  facet normal 0 0 1
    outer loop
      vertex -5.88471 1.17054 198.5
      vertex -5.88471 -1.17054 198.5
      vertex -5.74164 -1.74171 198.5
    endloop
  endfacet
  facet normal -0 0 1
    outer loop
      vertex -5.97111 0.588102 198.5
      vertex -5.88471 -1.17054 198.5
      vertex -5.88471 1.17054 198.5
    endloop
  endfacet
  facet normal 0 0 1
    outer loop
      vertex -5.97111 0.588102 198.5
      vertex -5.97111 -0.588102 198.5
      vertex -5.88471 -1.17054 198.5
    endloop
  endfacet
  facet normal 0 -0 1
    outer loop
      vertex -5.97111 -0.588102 198.5
      vertex -5.97111 0.588102 198.5
      vertex -6 0 198.5
    endloop
  endfacet
endsolid OpenSCAD_Model
