solid OpenSCAD_Model
  facet normal 1 0 0
    outer loop
      vertex 12 -9 20
      vertex 12 -12 20
      vertex 12 -9 3
    endloop
  endfacet
  facet normal 1 0 0
    outer loop
      vertex 12 9 3
      vertex 12 12 20
      vertex 12 9 20
    endloop
  endfacet
  facet normal 1 0 0
    outer loop
      vertex 12 12 20
      vertex 12 9 3
      vertex 12 12 0
    endloop
  endfacet
  facet normal 1 -0 0
    outer loop
      vertex 12 -9 3
      vertex 12 12 0
      vertex 12 9 3
    endloop
  endfacet
  facet normal 1 0 0
    outer loop
      vertex 12 -9 3
      vertex 12 -12 0
      vertex 12 12 0
    endloop
  endfacet
  facet normal 1 0 0
    outer loop
      vertex 12 -12 0
      vertex 12 -9 3
      vertex 12 -12 20
    endloop
  endfacet
  facet normal -0 0 1
    outer loop
      vertex -12 9 3
      vertex 12 -9 3
      vertex 12 9 3
    endloop
  endfacet
  facet normal 0 0 1
    outer loop
      vertex 12 -9 3
      vertex -12 9 3
      vertex -12 -9 3
    endloop
  endfacet
  facet normal 0 0 -1
    outer loop
      vertex -12 -12 0
      vertex 12 12 0
      vertex 12 -12 0
    endloop
  endfacet
  facet normal -0 0 -1
    outer loop
      vertex 12 12 0
      vertex -12 -12 0
      vertex -12 12 0
    endloop
  endfacet
  facet normal -1 0 0
    outer loop
      vertex -12 12 0
      vertex -12 9 3
      vertex -12 12 20
    endloop
  endfacet
  facet normal -1 0 0
    outer loop
      vertex -12 12 0
      vertex -12 -9 3
      vertex -12 9 3
    endloop
  endfacet
  facet normal -1 0 0
    outer loop
      vertex -12 -12 0
      vertex -12 -9 3
      vertex -12 12 0
    endloop
  endfacet
  facet normal -1 0 0
    outer loop
      vertex -12 -12 20
      vertex -12 -9 3
      vertex -12 -12 0
    endloop
  endfacet
  facet normal -1 0 0
    outer loop
      vertex -12 -9 3
      vertex -12 -12 20
      vertex -12 -9 20
    endloop
  endfacet
  facet normal -1 -0 0
    outer loop
      vertex -12 12 20
      vertex -12 9 3
      vertex -12 9 20
    endloop
  endfacet
  facet normal 0 1 -0
    outer loop
      vertex 12 12 0
      vertex -12 12 20
      vertex 12 12 20
    endloop
  endfacet
  facet normal 0 1 0
    outer loop
      vertex -12 12 20
      vertex 12 12 0
      vertex -12 12 0
    endloop
  endfacet
  facet normal 0 -1 0
    outer loop
      vertex -12 -12 0
      vertex 12 -12 20
      vertex -12 -12 20
    endloop
  endfacet
  facet normal 0 -1 -0
    outer loop
      vertex 12 -12 20
      vertex -12 -12 0
      vertex 12 -12 0
    endloop
  endfacet
  facet normal -0 0 1
    outer loop
      vertex -12 -9 20
      vertex 12 -12 20
      vertex 12 -9 20
    endloop
  endfacet
  facet normal 0 0 1
    outer loop
      vertex 12 -12 20
      vertex -12 -9 20
      vertex -12 -12 20
    endloop
  endfacet
  facet normal 0 1 -0
    outer loop
      vertex 12 -9 3
      vertex -12 -9 20
      vertex 12 -9 20
    endloop
  endfacet
  facet normal 0 1 0
    outer loop
      vertex -12 -9 20
      vertex 12 -9 3
      vertex -12 -9 3
    endloop
  endfacet
  facet normal -0 0 1
    outer loop
      vertex -12 12 20
      vertex 12 9 20
      vertex 12 12 20
    endloop
  endfacet
  facet normal 0 0 1
    outer loop
      vertex 12 9 20
      vertex -12 12 20
      vertex -12 9 20
    endloop
  endfacet
  facet normal 0 -1 0
    outer loop
      vertex -12 9 3
      vertex 12 9 20
      vertex -12 9 20
    endloop
  endfacet
  facet normal 0 -1 -0
    outer loop
      vertex 12 9 20
      vertex -12 9 3
      vertex 12 9 3
    endloop
  endfacet
  facet normal -0.427562 -0.903986 0
    outer loop
      vertex -3.77117 -7.05537 120
      vertex -3.06147 -7.39104 128
      vertex -3.77117 -7.05537 128
    endloop
  endfacet
  facet normal -0.427562 -0.903986 -0
    outer loop
      vertex -3.06147 -7.39104 128
      vertex -3.77117 -7.05537 120
      vertex -3.06147 -7.39104 120
    endloop
  endfacet
  facet normal 0.740946 -0.671564 0
    outer loop
      vertex 5.65685 -5.65685 128
      vertex 6.18408 -5.07515 120
      vertex 6.18408 -5.07515 128
    endloop
  endfacet
  facet normal 0.740946 -0.671564 0
    outer loop
      vertex 6.18408 -5.07515 120
      vertex 5.65685 -5.65685 128
      vertex 5.65685 -5.65685 120
    endloop
  endfacet
  facet normal 0.989176 0.146736 0
    outer loop
      vertex 7.96148 0.784137 128
      vertex 7.84628 1.56072 120
      vertex 7.84628 1.56072 128
    endloop
  endfacet
  facet normal 0.989176 0.146736 0
    outer loop
      vertex 7.84628 1.56072 120
      vertex 7.96148 0.784137 128
      vertex 7.96148 0.784137 120
    endloop
  endfacet
  facet normal 0.146736 -0.989176 0
    outer loop
      vertex 0.784137 -7.96148 120
      vertex 1.56072 -7.84628 128
      vertex 0.784137 -7.96148 128
    endloop
  endfacet
  facet normal 0.146736 -0.989176 0
    outer loop
      vertex 1.56072 -7.84628 128
      vertex 0.784137 -7.96148 120
      vertex 1.56072 -7.84628 120
    endloop
  endfacet
  facet normal 0.514099 -0.857731 0
    outer loop
      vertex 3.77117 -7.05537 120
      vertex 4.44456 -6.65176 128
      vertex 3.77117 -7.05537 128
    endloop
  endfacet
  facet normal 0.514099 -0.857731 0
    outer loop
      vertex 4.44456 -6.65176 128
      vertex 3.77117 -7.05537 120
      vertex 4.44456 -6.65176 120
    endloop
  endfacet
  facet normal 0.998796 -0.0490649 0
    outer loop
      vertex 7.96148 -0.784137 128
      vertex 8 0 120
      vertex 8 0 128
    endloop
  endfacet
  facet normal 0.998796 -0.0490649 0
    outer loop
      vertex 8 0 120
      vertex 7.96148 -0.784137 128
      vertex 7.96148 -0.784137 120
    endloop
  endfacet
  facet normal 0.671564 0.740946 -0
    outer loop
      vertex 5.65685 5.65685 120
      vertex 5.07515 6.18408 128
      vertex 5.65685 5.65685 128
    endloop
  endfacet
  facet normal 0.671564 0.740946 0
    outer loop
      vertex 5.07515 6.18408 128
      vertex 5.65685 5.65685 120
      vertex 5.07515 6.18408 120
    endloop
  endfacet
  facet normal -0.146736 0.989176 0
    outer loop
      vertex -0.784137 7.96148 120
      vertex -1.56072 7.84628 128
      vertex -0.784137 7.96148 128
    endloop
  endfacet
  facet normal -0.146736 0.989176 0
    outer loop
      vertex -1.56072 7.84628 128
      vertex -0.784137 7.96148 120
      vertex -1.56072 7.84628 120
    endloop
  endfacet
  facet normal 0.514099 0.857731 -0
    outer loop
      vertex 4.44456 6.65176 120
      vertex 3.77117 7.05537 128
      vertex 4.44456 6.65176 128
    endloop
  endfacet
  facet normal 0.514099 0.857731 0
    outer loop
      vertex 3.77117 7.05537 128
      vertex 4.44456 6.65176 120
      vertex 3.77117 7.05537 120
    endloop
  endfacet
  facet normal 0.427562 0.903986 -0
    outer loop
      vertex 3.77117 7.05537 120
      vertex 3.06147 7.39104 128
      vertex 3.77117 7.05537 128
    endloop
  endfacet
  facet normal 0.427562 0.903986 0
    outer loop
      vertex 3.06147 7.39104 128
      vertex 3.77117 7.05537 120
      vertex 3.06147 7.39104 120
    endloop
  endfacet
  facet normal 0.998796 0.0490649 0
    outer loop
      vertex 8 0 128
      vertex 7.96148 0.784137 120
      vertex 7.96148 0.784137 128
    endloop
  endfacet
  facet normal 0.998796 0.0490649 0
    outer loop
      vertex 7.96148 0.784137 120
      vertex 8 0 128
      vertex 8 0 120
    endloop
  endfacet
  facet normal 0.857731 -0.514099 0
    outer loop
      vertex 6.65176 -4.44456 128
      vertex 7.05537 -3.77117 120
      vertex 7.05537 -3.77117 128
    endloop
  endfacet
  facet normal 0.857731 -0.514099 0
    outer loop
      vertex 7.05537 -3.77117 120
      vertex 6.65176 -4.44456 128
      vertex 6.65176 -4.44456 120
    endloop
  endfacet
  facet normal 0.970032 -0.242979 0
    outer loop
      vertex 7.65552 -2.32228 128
      vertex 7.84628 -1.56072 120
      vertex 7.84628 -1.56072 128
    endloop
  endfacet
  facet normal 0.970032 -0.242979 0
    outer loop
      vertex 7.84628 -1.56072 120
      vertex 7.65552 -2.32228 128
      vertex 7.65552 -2.32228 120
    endloop
  endfacet
  facet normal 0.803206 -0.595701 0
    outer loop
      vertex 6.18408 -5.07515 128
      vertex 6.65176 -4.44456 120
      vertex 6.65176 -4.44456 128
    endloop
  endfacet
  facet normal 0.803206 -0.595701 0
    outer loop
      vertex 6.65176 -4.44456 120
      vertex 6.18408 -5.07515 128
      vertex 6.18408 -5.07515 120
    endloop
  endfacet
  facet normal -0.998796 -0.0490649 0
    outer loop
      vertex -7.96148 -0.784137 120
      vertex -8 0 128
      vertex -8 0 120
    endloop
  endfacet
  facet normal -0.998796 -0.0490649 0
    outer loop
      vertex -8 0 128
      vertex -7.96148 -0.784137 120
      vertex -7.96148 -0.784137 128
    endloop
  endfacet
  facet normal 0.989176 -0.146736 0
    outer loop
      vertex 7.84628 -1.56072 128
      vertex 7.96148 -0.784137 120
      vertex 7.96148 -0.784137 128
    endloop
  endfacet
  facet normal 0.989176 -0.146736 0
    outer loop
      vertex 7.96148 -0.784137 120
      vertex 7.84628 -1.56072 128
      vertex 7.84628 -1.56072 120
    endloop
  endfacet
  facet normal -0.0490649 0.998796 0
    outer loop
      vertex 0 8 120
      vertex -0.784137 7.96148 128
      vertex 0 8 128
    endloop
  endfacet
  facet normal -0.0490649 0.998796 0
    outer loop
      vertex -0.784137 7.96148 128
      vertex 0 8 120
      vertex -0.784137 7.96148 120
    endloop
  endfacet
  facet normal 0.595701 0.803206 -0
    outer loop
      vertex 5.07515 6.18408 120
      vertex 4.44456 6.65176 128
      vertex 5.07515 6.18408 128
    endloop
  endfacet
  facet normal 0.595701 0.803206 0
    outer loop
      vertex 4.44456 6.65176 128
      vertex 5.07515 6.18408 120
      vertex 4.44456 6.65176 120
    endloop
  endfacet
  facet normal -0.0490649 -0.998796 0
    outer loop
      vertex -0.784137 -7.96148 120
      vertex 0 -8 128
      vertex -0.784137 -7.96148 128
    endloop
  endfacet
  facet normal -0.0490649 -0.998796 -0
    outer loop
      vertex 0 -8 128
      vertex -0.784137 -7.96148 120
      vertex 0 -8 120
    endloop
  endfacet
  facet normal -0.242979 0.970032 0
    outer loop
      vertex -1.56072 7.84628 120
      vertex -2.32228 7.65552 128
      vertex -1.56072 7.84628 128
    endloop
  endfacet
  facet normal -0.242979 0.970032 0
    outer loop
      vertex -2.32228 7.65552 128
      vertex -1.56072 7.84628 120
      vertex -2.32228 7.65552 120
    endloop
  endfacet
  facet normal -0.740946 -0.671564 0
    outer loop
      vertex -5.65685 -5.65685 120
      vertex -6.18408 -5.07515 128
      vertex -6.18408 -5.07515 120
    endloop
  endfacet
  facet normal -0.740946 -0.671564 0
    outer loop
      vertex -6.18408 -5.07515 128
      vertex -5.65685 -5.65685 120
      vertex -5.65685 -5.65685 128
    endloop
  endfacet
  facet normal -0.970032 -0.242979 0
    outer loop
      vertex -7.65552 -2.32228 120
      vertex -7.84628 -1.56072 128
      vertex -7.84628 -1.56072 120
    endloop
  endfacet
  facet normal -0.970032 -0.242979 0
    outer loop
      vertex -7.84628 -1.56072 128
      vertex -7.65552 -2.32228 120
      vertex -7.65552 -2.32228 128
    endloop
  endfacet
  facet normal 0.0490649 0.998796 -0
    outer loop
      vertex 0.784137 7.96148 120
      vertex 0 8 128
      vertex 0.784137 7.96148 128
    endloop
  endfacet
  facet normal 0.0490649 0.998796 0
    outer loop
      vertex 0 8 128
      vertex 0.784137 7.96148 120
      vertex 0 8 120
    endloop
  endfacet
  facet normal -0.671564 0.740946 0
    outer loop
      vertex -5.07515 6.18408 120
      vertex -5.65685 5.65685 128
      vertex -5.07515 6.18408 128
    endloop
  endfacet
  facet normal -0.671564 0.740946 0
    outer loop
      vertex -5.65685 5.65685 128
      vertex -5.07515 6.18408 120
      vertex -5.65685 5.65685 120
    endloop
  endfacet
  facet normal -0.903986 -0.427562 0
    outer loop
      vertex -7.05537 -3.77117 120
      vertex -7.39104 -3.06147 128
      vertex -7.39104 -3.06147 120
    endloop
  endfacet
  facet normal -0.903986 -0.427562 0
    outer loop
      vertex -7.39104 -3.06147 128
      vertex -7.05537 -3.77117 120
      vertex -7.05537 -3.77117 128
    endloop
  endfacet
  facet normal -0.514099 0.857731 0
    outer loop
      vertex -3.77117 7.05537 120
      vertex -4.44456 6.65176 128
      vertex -3.77117 7.05537 128
    endloop
  endfacet
  facet normal -0.514099 0.857731 0
    outer loop
      vertex -4.44456 6.65176 128
      vertex -3.77117 7.05537 120
      vertex -4.44456 6.65176 120
    endloop
  endfacet
  facet normal 0.941547 0.336883 0
    outer loop
      vertex 7.65552 2.32228 128
      vertex 7.39104 3.06147 120
      vertex 7.39104 3.06147 128
    endloop
  endfacet
  facet normal 0.941547 0.336883 0
    outer loop
      vertex 7.39104 3.06147 120
      vertex 7.65552 2.32228 128
      vertex 7.65552 2.32228 120
    endloop
  endfacet
  facet normal 0.242979 -0.970032 0
    outer loop
      vertex 1.56072 -7.84628 120
      vertex 2.32228 -7.65552 128
      vertex 1.56072 -7.84628 128
    endloop
  endfacet
  facet normal 0.242979 -0.970032 0
    outer loop
      vertex 2.32228 -7.65552 128
      vertex 1.56072 -7.84628 120
      vertex 2.32228 -7.65552 120
    endloop
  endfacet
  facet normal 0.970032 0.242979 0
    outer loop
      vertex 7.84628 1.56072 128
      vertex 7.65552 2.32228 120
      vertex 7.65552 2.32228 128
    endloop
  endfacet
  facet normal 0.970032 0.242979 0
    outer loop
      vertex 7.65552 2.32228 120
      vertex 7.84628 1.56072 128
      vertex 7.84628 1.56072 120
    endloop
  endfacet
  facet normal -0.803206 -0.595701 0
    outer loop
      vertex -6.18408 -5.07515 120
      vertex -6.65176 -4.44456 128
      vertex -6.65176 -4.44456 120
    endloop
  endfacet
  facet normal -0.803206 -0.595701 0
    outer loop
      vertex -6.65176 -4.44456 128
      vertex -6.18408 -5.07515 120
      vertex -6.18408 -5.07515 128
    endloop
  endfacet
  facet normal -0.146736 -0.989176 0
    outer loop
      vertex -1.56072 -7.84628 120
      vertex -0.784137 -7.96148 128
      vertex -1.56072 -7.84628 128
    endloop
  endfacet
  facet normal -0.146736 -0.989176 -0
    outer loop
      vertex -0.784137 -7.96148 128
      vertex -1.56072 -7.84628 120
      vertex -0.784137 -7.96148 120
    endloop
  endfacet
  facet normal 0.0490649 -0.998796 0
    outer loop
      vertex 0 -8 120
      vertex 0.784137 -7.96148 128
      vertex 0 -8 128
    endloop
  endfacet
  facet normal 0.0490649 -0.998796 0
    outer loop
      vertex 0.784137 -7.96148 128
      vertex 0 -8 120
      vertex 0.784137 -7.96148 120
    endloop
  endfacet
  facet normal -0.514099 -0.857731 0
    outer loop
      vertex -4.44456 -6.65176 120
      vertex -3.77117 -7.05537 128
      vertex -4.44456 -6.65176 128
    endloop
  endfacet
  facet normal -0.514099 -0.857731 -0
    outer loop
      vertex -3.77117 -7.05537 128
      vertex -4.44456 -6.65176 120
      vertex -3.77117 -7.05537 120
    endloop
  endfacet
  facet normal 0.857731 0.514099 0
    outer loop
      vertex 7.05537 3.77117 128
      vertex 6.65176 4.44456 120
      vertex 6.65176 4.44456 128
    endloop
  endfacet
  facet normal 0.857731 0.514099 0
    outer loop
      vertex 6.65176 4.44456 120
      vertex 7.05537 3.77117 128
      vertex 7.05537 3.77117 120
    endloop
  endfacet
  facet normal -0.970032 0.242979 0
    outer loop
      vertex -7.84628 1.56072 120
      vertex -7.65552 2.32228 128
      vertex -7.65552 2.32228 120
    endloop
  endfacet
  facet normal -0.970032 0.242979 0
    outer loop
      vertex -7.65552 2.32228 128
      vertex -7.84628 1.56072 120
      vertex -7.84628 1.56072 128
    endloop
  endfacet
  facet normal 0.941547 -0.336883 0
    outer loop
      vertex 7.39104 -3.06147 128
      vertex 7.65552 -2.32228 120
      vertex 7.65552 -2.32228 128
    endloop
  endfacet
  facet normal 0.941547 -0.336883 0
    outer loop
      vertex 7.65552 -2.32228 120
      vertex 7.39104 -3.06147 128
      vertex 7.39104 -3.06147 120
    endloop
  endfacet
  facet normal 0.903986 -0.427562 0
    outer loop
      vertex 7.05537 -3.77117 128
      vertex 7.39104 -3.06147 120
      vertex 7.39104 -3.06147 128
    endloop
  endfacet
  facet normal 0.903986 -0.427562 0
    outer loop
      vertex 7.39104 -3.06147 120
      vertex 7.05537 -3.77117 128
      vertex 7.05537 -3.77117 120
    endloop
  endfacet
  facet normal -0.671564 -0.740946 0
    outer loop
      vertex -5.65685 -5.65685 120
      vertex -5.07515 -6.18408 128
      vertex -5.65685 -5.65685 128
    endloop
  endfacet
  facet normal -0.671564 -0.740946 -0
    outer loop
      vertex -5.07515 -6.18408 128
      vertex -5.65685 -5.65685 120
      vertex -5.07515 -6.18408 120
    endloop
  endfacet
  facet normal 0.903986 0.427562 0
    outer loop
      vertex 7.39104 3.06147 128
      vertex 7.05537 3.77117 120
      vertex 7.05537 3.77117 128
    endloop
  endfacet
  facet normal 0.903986 0.427562 0
    outer loop
      vertex 7.05537 3.77117 120
      vertex 7.39104 3.06147 128
      vertex 7.39104 3.06147 120
    endloop
  endfacet
  facet normal -0.740946 0.671564 0
    outer loop
      vertex -6.18408 5.07515 120
      vertex -5.65685 5.65685 128
      vertex -5.65685 5.65685 120
    endloop
  endfacet
  facet normal -0.740946 0.671564 0
    outer loop
      vertex -5.65685 5.65685 128
      vertex -6.18408 5.07515 120
      vertex -6.18408 5.07515 128
    endloop
  endfacet
  facet normal -0.998796 0.0490649 0
    outer loop
      vertex -8 0 120
      vertex -7.96148 0.784137 128
      vertex -7.96148 0.784137 120
    endloop
  endfacet
  facet normal -0.998796 0.0490649 0
    outer loop
      vertex -7.96148 0.784137 128
      vertex -8 0 120
      vertex -8 0 128
    endloop
  endfacet
  facet normal -0.989176 0.146736 0
    outer loop
      vertex -7.96148 0.784137 120
      vertex -7.84628 1.56072 128
      vertex -7.84628 1.56072 120
    endloop
  endfacet
  facet normal -0.989176 0.146736 0
    outer loop
      vertex -7.84628 1.56072 128
      vertex -7.96148 0.784137 120
      vertex -7.96148 0.784137 128
    endloop
  endfacet
  facet normal -0.336883 -0.941547 0
    outer loop
      vertex -3.06147 -7.39104 120
      vertex -2.32228 -7.65552 128
      vertex -3.06147 -7.39104 128
    endloop
  endfacet
  facet normal -0.336883 -0.941547 -0
    outer loop
      vertex -2.32228 -7.65552 128
      vertex -3.06147 -7.39104 120
      vertex -2.32228 -7.65552 120
    endloop
  endfacet
  facet normal -0.941547 0.336883 0
    outer loop
      vertex -7.65552 2.32228 120
      vertex -7.39104 3.06147 128
      vertex -7.39104 3.06147 120
    endloop
  endfacet
  facet normal -0.941547 0.336883 0
    outer loop
      vertex -7.39104 3.06147 128
      vertex -7.65552 2.32228 120
      vertex -7.65552 2.32228 128
    endloop
  endfacet
  facet normal -0.595701 0.803206 0
    outer loop
      vertex -4.44456 6.65176 120
      vertex -5.07515 6.18408 128
      vertex -4.44456 6.65176 128
    endloop
  endfacet
  facet normal -0.595701 0.803206 0
    outer loop
      vertex -5.07515 6.18408 128
      vertex -4.44456 6.65176 120
      vertex -5.07515 6.18408 120
    endloop
  endfacet
  facet normal -0.941547 -0.336883 0
    outer loop
      vertex -7.39104 -3.06147 120
      vertex -7.65552 -2.32228 128
      vertex -7.65552 -2.32228 120
    endloop
  endfacet
  facet normal -0.941547 -0.336883 0
    outer loop
      vertex -7.65552 -2.32228 128
      vertex -7.39104 -3.06147 120
      vertex -7.39104 -3.06147 128
    endloop
  endfacet
  facet normal -0.857731 -0.514099 0
    outer loop
      vertex -6.65176 -4.44456 120
      vertex -7.05537 -3.77117 128
      vertex -7.05537 -3.77117 120
    endloop
  endfacet
  facet normal -0.857731 -0.514099 0
    outer loop
      vertex -7.05537 -3.77117 128
      vertex -6.65176 -4.44456 120
      vertex -6.65176 -4.44456 128
    endloop
  endfacet
  facet normal 0.242979 0.970032 -0
    outer loop
      vertex 2.32228 7.65552 120
      vertex 1.56072 7.84628 128
      vertex 2.32228 7.65552 128
    endloop
  endfacet
  facet normal 0.242979 0.970032 0
    outer loop
      vertex 1.56072 7.84628 128
      vertex 2.32228 7.65552 120
      vertex 1.56072 7.84628 120
    endloop
  endfacet
  facet normal -0.803206 0.595701 0
    outer loop
      vertex -6.65176 4.44456 120
      vertex -6.18408 5.07515 128
      vertex -6.18408 5.07515 120
    endloop
  endfacet
  facet normal -0.803206 0.595701 0
    outer loop
      vertex -6.18408 5.07515 128
      vertex -6.65176 4.44456 120
      vertex -6.65176 4.44456 128
    endloop
  endfacet
  facet normal 0.146736 0.989176 -0
    outer loop
      vertex 1.56072 7.84628 120
      vertex 0.784137 7.96148 128
      vertex 1.56072 7.84628 128
    endloop
  endfacet
  facet normal 0.146736 0.989176 0
    outer loop
      vertex 0.784137 7.96148 128
      vertex 1.56072 7.84628 120
      vertex 0.784137 7.96148 120
    endloop
  endfacet
  facet normal -0.242979 -0.970032 0
    outer loop
      vertex -2.32228 -7.65552 120
      vertex -1.56072 -7.84628 128
      vertex -2.32228 -7.65552 128
    endloop
  endfacet
  facet normal -0.242979 -0.970032 -0
    outer loop
      vertex -1.56072 -7.84628 128
      vertex -2.32228 -7.65552 120
      vertex -1.56072 -7.84628 120
    endloop
  endfacet
  facet normal -0.336883 0.941547 0
    outer loop
      vertex -2.32228 7.65552 120
      vertex -3.06147 7.39104 128
      vertex -2.32228 7.65552 128
    endloop
  endfacet
  facet normal -0.336883 0.941547 0
    outer loop
      vertex -3.06147 7.39104 128
      vertex -2.32228 7.65552 120
      vertex -3.06147 7.39104 120
    endloop
  endfacet
  facet normal 0.671564 -0.740946 0
    outer loop
      vertex 5.07515 -6.18408 120
      vertex 5.65685 -5.65685 128
      vertex 5.07515 -6.18408 128
    endloop
  endfacet
  facet normal 0.671564 -0.740946 0
    outer loop
      vertex 5.65685 -5.65685 128
      vertex 5.07515 -6.18408 120
      vertex 5.65685 -5.65685 120
    endloop
  endfacet
  facet normal -0.903986 0.427562 0
    outer loop
      vertex -7.39104 3.06147 120
      vertex -7.05537 3.77117 128
      vertex -7.05537 3.77117 120
    endloop
  endfacet
  facet normal -0.903986 0.427562 0
    outer loop
      vertex -7.05537 3.77117 128
      vertex -7.39104 3.06147 120
      vertex -7.39104 3.06147 128
    endloop
  endfacet
  facet normal 0.803206 0.595701 0
    outer loop
      vertex 6.65176 4.44456 128
      vertex 6.18408 5.07515 120
      vertex 6.18408 5.07515 128
    endloop
  endfacet
  facet normal 0.803206 0.595701 0
    outer loop
      vertex 6.18408 5.07515 120
      vertex 6.65176 4.44456 128
      vertex 6.65176 4.44456 120
    endloop
  endfacet
  facet normal 0.740946 0.671564 0
    outer loop
      vertex 6.18408 5.07515 128
      vertex 5.65685 5.65685 120
      vertex 5.65685 5.65685 128
    endloop
  endfacet
  facet normal 0.740946 0.671564 0
    outer loop
      vertex 5.65685 5.65685 120
      vertex 6.18408 5.07515 128
      vertex 6.18408 5.07515 120
    endloop
  endfacet
  facet normal -0.989176 -0.146736 0
    outer loop
      vertex -7.84628 -1.56072 120
      vertex -7.96148 -0.784137 128
      vertex -7.96148 -0.784137 120
    endloop
  endfacet
  facet normal -0.989176 -0.146736 0
    outer loop
      vertex -7.96148 -0.784137 128
      vertex -7.84628 -1.56072 120
      vertex -7.84628 -1.56072 128
    endloop
  endfacet
  facet normal 0.336883 0.941547 -0
    outer loop
      vertex 3.06147 7.39104 120
      vertex 2.32228 7.65552 128
      vertex 3.06147 7.39104 128
    endloop
  endfacet
  facet normal 0.336883 0.941547 0
    outer loop
      vertex 2.32228 7.65552 128
      vertex 3.06147 7.39104 120
      vertex 2.32228 7.65552 120
    endloop
  endfacet
  facet normal 0.336883 -0.941547 0
    outer loop
      vertex 2.32228 -7.65552 120
      vertex 3.06147 -7.39104 128
      vertex 2.32228 -7.65552 128
    endloop
  endfacet
  facet normal 0.336883 -0.941547 0
    outer loop
      vertex 3.06147 -7.39104 128
      vertex 2.32228 -7.65552 120
      vertex 3.06147 -7.39104 120
    endloop
  endfacet
  facet normal 0.595701 -0.803206 0
    outer loop
      vertex 4.44456 -6.65176 120
      vertex 5.07515 -6.18408 128
      vertex 4.44456 -6.65176 128
    endloop
  endfacet
  facet normal 0.595701 -0.803206 0
    outer loop
      vertex 5.07515 -6.18408 128
      vertex 4.44456 -6.65176 120
      vertex 5.07515 -6.18408 120
    endloop
  endfacet
  facet normal 0.427562 -0.903986 0
    outer loop
      vertex 3.06147 -7.39104 120
      vertex 3.77117 -7.05537 128
      vertex 3.06147 -7.39104 128
    endloop
  endfacet
  facet normal 0.427562 -0.903986 0
    outer loop
      vertex 3.77117 -7.05537 128
      vertex 3.06147 -7.39104 120
      vertex 3.77117 -7.05537 120
    endloop
  endfacet
  facet normal 0 0 -1
    outer loop
      vertex 6 0 120
      vertex 8 0 120
      vertex 7.96148 -0.784137 120
    endloop
  endfacet
  facet normal 0 0 -1
    outer loop
      vertex 5.97111 -0.588102 120
      vertex 7.96148 -0.784137 120
      vertex 7.84628 -1.56072 120
    endloop
  endfacet
  facet normal 0 0 -1
    outer loop
      vertex 8 0 120
      vertex 6 0 120
      vertex 7.96148 0.784137 120
    endloop
  endfacet
  facet normal 0 0 -1
    outer loop
      vertex 5.88471 -1.17054 120
      vertex 7.84628 -1.56072 120
      vertex 7.65552 -2.32228 120
    endloop
  endfacet
  facet normal 0 0 -1
    outer loop
      vertex 5.97111 0.588102 120
      vertex 7.96148 0.784137 120
      vertex 6 0 120
    endloop
  endfacet
  facet normal 0 0 -1
    outer loop
      vertex 5.74164 -1.74171 120
      vertex 7.65552 -2.32228 120
      vertex 7.39104 -3.06147 120
    endloop
  endfacet
  facet normal -0 0 -1
    outer loop
      vertex 7.96148 0.784137 120
      vertex 5.97111 0.588102 120
      vertex 7.84628 1.56072 120
    endloop
  endfacet
  facet normal 0 0 -1
    outer loop
      vertex 5.54328 -2.2961 120
      vertex 7.39104 -3.06147 120
      vertex 7.05537 -3.77117 120
    endloop
  endfacet
  facet normal 0 0 -1
    outer loop
      vertex 5.88471 1.17054 120
      vertex 7.84628 1.56072 120
      vertex 5.97111 0.588102 120
    endloop
  endfacet
  facet normal 0 0 -1
    outer loop
      vertex 5.29153 -2.82838 120
      vertex 7.05537 -3.77117 120
      vertex 6.65176 -4.44456 120
    endloop
  endfacet
  facet normal -0 0 -1
    outer loop
      vertex 7.84628 1.56072 120
      vertex 5.88471 1.17054 120
      vertex 7.65552 2.32228 120
    endloop
  endfacet
  facet normal 0 0 -1
    outer loop
      vertex 4.98882 -3.33342 120
      vertex 6.65176 -4.44456 120
      vertex 6.18408 -5.07515 120
    endloop
  endfacet
  facet normal 0 0 -1
    outer loop
      vertex 5.74164 1.74171 120
      vertex 7.65552 2.32228 120
      vertex 5.88471 1.17054 120
    endloop
  endfacet
  facet normal -0 0 -1
    outer loop
      vertex 7.65552 2.32228 120
      vertex 5.74164 1.74171 120
      vertex 7.39104 3.06147 120
    endloop
  endfacet
  facet normal 0 0 -1
    outer loop
      vertex 7.96148 -0.784137 120
      vertex 5.97111 -0.588102 120
      vertex 6 0 120
    endloop
  endfacet
  facet normal 0 0 -1
    outer loop
      vertex 7.84628 -1.56072 120
      vertex 5.88471 -1.17054 120
      vertex 5.97111 -0.588102 120
    endloop
  endfacet
  facet normal 0 0 -1
    outer loop
      vertex 7.65552 -2.32228 120
      vertex 5.74164 -1.74171 120
      vertex 5.88471 -1.17054 120
    endloop
  endfacet
  facet normal 0 0 -1
    outer loop
      vertex 4.63806 -3.80636 120
      vertex 6.18408 -5.07515 120
      vertex 5.65685 -5.65685 120
    endloop
  endfacet
  facet normal 0 0 -1
    outer loop
      vertex 7.39104 -3.06147 120
      vertex 5.54328 -2.2961 120
      vertex 5.74164 -1.74171 120
    endloop
  endfacet
  facet normal 0 0 -1
    outer loop
      vertex 7.05537 -3.77117 120
      vertex 5.29153 -2.82838 120
      vertex 5.54328 -2.2961 120
    endloop
  endfacet
  facet normal 0 0 -1
    outer loop
      vertex 4.24264 -4.24264 120
      vertex 5.65685 -5.65685 120
      vertex 5.07515 -6.18408 120
    endloop
  endfacet
  facet normal 0 0 -1
    outer loop
      vertex 6.65176 -4.44456 120
      vertex 4.98882 -3.33342 120
      vertex 5.29153 -2.82838 120
    endloop
  endfacet
  facet normal 0 0 -1
    outer loop
      vertex 6.18408 -5.07515 120
      vertex 4.63806 -3.80636 120
      vertex 4.98882 -3.33342 120
    endloop
  endfacet
  facet normal 0 0 -1
    outer loop
      vertex 3.80636 -4.63806 120
      vertex 5.07515 -6.18408 120
      vertex 4.44456 -6.65176 120
    endloop
  endfacet
  facet normal 0 0 -1
    outer loop
      vertex 5.65685 -5.65685 120
      vertex 4.24264 -4.24264 120
      vertex 4.63806 -3.80636 120
    endloop
  endfacet
  facet normal 0 0 -1
    outer loop
      vertex 5.07515 -6.18408 120
      vertex 3.80636 -4.63806 120
      vertex 4.24264 -4.24264 120
    endloop
  endfacet
  facet normal 0 0 -1
    outer loop
      vertex 3.33342 -4.98882 120
      vertex 4.44456 -6.65176 120
      vertex 3.77117 -7.05537 120
    endloop
  endfacet
  facet normal 0 0 -1
    outer loop
      vertex 4.44456 -6.65176 120
      vertex 3.33342 -4.98882 120
      vertex 3.80636 -4.63806 120
    endloop
  endfacet
  facet normal 0 0 -1
    outer loop
      vertex 2.82838 -5.29153 120
      vertex 3.77117 -7.05537 120
      vertex 3.06147 -7.39104 120
    endloop
  endfacet
  facet normal 0 0 -1
    outer loop
      vertex 3.77117 -7.05537 120
      vertex 2.82838 -5.29153 120
      vertex 3.33342 -4.98882 120
    endloop
  endfacet
  facet normal 0 0 -1
    outer loop
      vertex 2.2961 -5.54328 120
      vertex 3.06147 -7.39104 120
      vertex 2.32228 -7.65552 120
    endloop
  endfacet
  facet normal 0 0 -1
    outer loop
      vertex 3.06147 -7.39104 120
      vertex 2.2961 -5.54328 120
      vertex 2.82838 -5.29153 120
    endloop
  endfacet
  facet normal 0 0 -1
    outer loop
      vertex 2.32228 -7.65552 120
      vertex 1.74171 -5.74164 120
      vertex 2.2961 -5.54328 120
    endloop
  endfacet
  facet normal 0 0 -1
    outer loop
      vertex 1.56072 -7.84628 120
      vertex 1.74171 -5.74164 120
      vertex 2.32228 -7.65552 120
    endloop
  endfacet
  facet normal 0 0 -1
    outer loop
      vertex 1.56072 -7.84628 120
      vertex 1.17054 -5.88471 120
      vertex 1.74171 -5.74164 120
    endloop
  endfacet
  facet normal 0 0 -1
    outer loop
      vertex 0.784137 -7.96148 120
      vertex 1.17054 -5.88471 120
      vertex 1.56072 -7.84628 120
    endloop
  endfacet
  facet normal 0 0 -1
    outer loop
      vertex 0.784137 -7.96148 120
      vertex 0.588102 -5.97111 120
      vertex 1.17054 -5.88471 120
    endloop
  endfacet
  facet normal 0 0 -1
    outer loop
      vertex 0 -8 120
      vertex 0.588102 -5.97111 120
      vertex 0.784137 -7.96148 120
    endloop
  endfacet
  facet normal 0 0 -1
    outer loop
      vertex 0 -8 120
      vertex 0 -6 120
      vertex 0.588102 -5.97111 120
    endloop
  endfacet
  facet normal 0 0 -1
    outer loop
      vertex 0 -8 120
      vertex -0.588102 -5.97111 120
      vertex 0 -6 120
    endloop
  endfacet
  facet normal 0 0 -1
    outer loop
      vertex -0.784137 -7.96148 120
      vertex -0.588102 -5.97111 120
      vertex 0 -8 120
    endloop
  endfacet
  facet normal 0 0 -1
    outer loop
      vertex -0.784137 -7.96148 120
      vertex -1.17054 -5.88471 120
      vertex -0.588102 -5.97111 120
    endloop
  endfacet
  facet normal 0 0 -1
    outer loop
      vertex -1.56072 -7.84628 120
      vertex -1.17054 -5.88471 120
      vertex -0.784137 -7.96148 120
    endloop
  endfacet
  facet normal 0 0 -1
    outer loop
      vertex -1.56072 -7.84628 120
      vertex -1.74171 -5.74164 120
      vertex -1.17054 -5.88471 120
    endloop
  endfacet
  facet normal 0 0 -1
    outer loop
      vertex -2.32228 -7.65552 120
      vertex -1.74171 -5.74164 120
      vertex -1.56072 -7.84628 120
    endloop
  endfacet
  facet normal -0 0 -1
    outer loop
      vertex -1.74171 -5.74164 120
      vertex -2.32228 -7.65552 120
      vertex -2.2961 -5.54328 120
    endloop
  endfacet
  facet normal 0 0 -1
    outer loop
      vertex -3.06147 -7.39104 120
      vertex -2.2961 -5.54328 120
      vertex -2.32228 -7.65552 120
    endloop
  endfacet
  facet normal -0 0 -1
    outer loop
      vertex -2.2961 -5.54328 120
      vertex -3.06147 -7.39104 120
      vertex -2.82838 -5.29153 120
    endloop
  endfacet
  facet normal 0 0 -1
    outer loop
      vertex -3.77117 -7.05537 120
      vertex -2.82838 -5.29153 120
      vertex -3.06147 -7.39104 120
    endloop
  endfacet
  facet normal -0 0 -1
    outer loop
      vertex -2.82838 -5.29153 120
      vertex -3.77117 -7.05537 120
      vertex -3.33342 -4.98882 120
    endloop
  endfacet
  facet normal 0 0 -1
    outer loop
      vertex -4.44456 -6.65176 120
      vertex -3.33342 -4.98882 120
      vertex -3.77117 -7.05537 120
    endloop
  endfacet
  facet normal -0 0 -1
    outer loop
      vertex -3.33342 -4.98882 120
      vertex -4.44456 -6.65176 120
      vertex -3.80636 -4.63806 120
    endloop
  endfacet
  facet normal 0 0 -1
    outer loop
      vertex -5.07515 -6.18408 120
      vertex -3.80636 -4.63806 120
      vertex -4.44456 -6.65176 120
    endloop
  endfacet
  facet normal -0 0 -1
    outer loop
      vertex -3.80636 -4.63806 120
      vertex -5.07515 -6.18408 120
      vertex -4.24264 -4.24264 120
    endloop
  endfacet
  facet normal 0 0 -1
    outer loop
      vertex -5.65685 -5.65685 120
      vertex -4.24264 -4.24264 120
      vertex -5.07515 -6.18408 120
    endloop
  endfacet
  facet normal -0 0 -1
    outer loop
      vertex -4.24264 -4.24264 120
      vertex -5.65685 -5.65685 120
      vertex -4.63806 -3.80636 120
    endloop
  endfacet
  facet normal 0 0 -1
    outer loop
      vertex -6.18408 -5.07515 120
      vertex -4.63806 -3.80636 120
      vertex -5.65685 -5.65685 120
    endloop
  endfacet
  facet normal -0 0 -1
    outer loop
      vertex -4.63806 -3.80636 120
      vertex -6.18408 -5.07515 120
      vertex -4.98882 -3.33342 120
    endloop
  endfacet
  facet normal 0 0 -1
    outer loop
      vertex -6.65176 -4.44456 120
      vertex -4.98882 -3.33342 120
      vertex -6.18408 -5.07515 120
    endloop
  endfacet
  facet normal -0 0 -1
    outer loop
      vertex -4.98882 -3.33342 120
      vertex -6.65176 -4.44456 120
      vertex -5.29153 -2.82838 120
    endloop
  endfacet
  facet normal 0 0 -1
    outer loop
      vertex -7.05537 -3.77117 120
      vertex -5.29153 -2.82838 120
      vertex -6.65176 -4.44456 120
    endloop
  endfacet
  facet normal -0 0 -1
    outer loop
      vertex -5.29153 -2.82838 120
      vertex -7.05537 -3.77117 120
      vertex -5.54328 -2.2961 120
    endloop
  endfacet
  facet normal -0 0 -1
    outer loop
      vertex -5.54328 -2.2961 120
      vertex -7.39104 -3.06147 120
      vertex -5.74164 -1.74171 120
    endloop
  endfacet
  facet normal 0 0 -1
    outer loop
      vertex -7.39104 -3.06147 120
      vertex -5.54328 -2.2961 120
      vertex -7.05537 -3.77117 120
    endloop
  endfacet
  facet normal 0 0 -1
    outer loop
      vertex 5.54328 2.2961 120
      vertex 7.39104 3.06147 120
      vertex 5.74164 1.74171 120
    endloop
  endfacet
  facet normal -0 0 -1
    outer loop
      vertex 7.39104 3.06147 120
      vertex 5.54328 2.2961 120
      vertex 7.05537 3.77117 120
    endloop
  endfacet
  facet normal 0 0 -1
    outer loop
      vertex 5.29153 2.82838 120
      vertex 7.05537 3.77117 120
      vertex 5.54328 2.2961 120
    endloop
  endfacet
  facet normal -0 0 -1
    outer loop
      vertex 7.05537 3.77117 120
      vertex 5.29153 2.82838 120
      vertex 6.65176 4.44456 120
    endloop
  endfacet
  facet normal 0 0 -1
    outer loop
      vertex 4.98882 3.33342 120
      vertex 6.65176 4.44456 120
      vertex 5.29153 2.82838 120
    endloop
  endfacet
  facet normal -0 0 -1
    outer loop
      vertex 6.65176 4.44456 120
      vertex 4.98882 3.33342 120
      vertex 6.18408 5.07515 120
    endloop
  endfacet
  facet normal 0 0 -1
    outer loop
      vertex 4.63806 3.80636 120
      vertex 6.18408 5.07515 120
      vertex 4.98882 3.33342 120
    endloop
  endfacet
  facet normal -0 0 -1
    outer loop
      vertex 6.18408 5.07515 120
      vertex 4.63806 3.80636 120
      vertex 5.65685 5.65685 120
    endloop
  endfacet
  facet normal 0 0 -1
    outer loop
      vertex 4.24264 4.24264 120
      vertex 5.65685 5.65685 120
      vertex 4.63806 3.80636 120
    endloop
  endfacet
  facet normal -0 0 -1
    outer loop
      vertex 5.65685 5.65685 120
      vertex 4.24264 4.24264 120
      vertex 5.07515 6.18408 120
    endloop
  endfacet
  facet normal 0 0 -1
    outer loop
      vertex 3.80636 4.63806 120
      vertex 5.07515 6.18408 120
      vertex 4.24264 4.24264 120
    endloop
  endfacet
  facet normal -0 0 -1
    outer loop
      vertex 5.07515 6.18408 120
      vertex 3.80636 4.63806 120
      vertex 4.44456 6.65176 120
    endloop
  endfacet
  facet normal 0 0 -1
    outer loop
      vertex 3.33342 4.98882 120
      vertex 4.44456 6.65176 120
      vertex 3.80636 4.63806 120
    endloop
  endfacet
  facet normal -0 0 -1
    outer loop
      vertex 4.44456 6.65176 120
      vertex 3.33342 4.98882 120
      vertex 3.77117 7.05537 120
    endloop
  endfacet
  facet normal 0 0 -1
    outer loop
      vertex 2.82838 5.29153 120
      vertex 3.77117 7.05537 120
      vertex 3.33342 4.98882 120
    endloop
  endfacet
  facet normal -0 0 -1
    outer loop
      vertex 3.77117 7.05537 120
      vertex 2.82838 5.29153 120
      vertex 3.06147 7.39104 120
    endloop
  endfacet
  facet normal 0 0 -1
    outer loop
      vertex 2.2961 5.54328 120
      vertex 3.06147 7.39104 120
      vertex 2.82838 5.29153 120
    endloop
  endfacet
  facet normal -0 0 -1
    outer loop
      vertex 3.06147 7.39104 120
      vertex 2.2961 5.54328 120
      vertex 2.32228 7.65552 120
    endloop
  endfacet
  facet normal 0 0 -1
    outer loop
      vertex 1.74171 5.74164 120
      vertex 2.32228 7.65552 120
      vertex 2.2961 5.54328 120
    endloop
  endfacet
  facet normal 0 0 -1
    outer loop
      vertex 1.74171 5.74164 120
      vertex 1.56072 7.84628 120
      vertex 2.32228 7.65552 120
    endloop
  endfacet
  facet normal 0 0 -1
    outer loop
      vertex 1.17054 5.88471 120
      vertex 1.56072 7.84628 120
      vertex 1.74171 5.74164 120
    endloop
  endfacet
  facet normal 0 0 -1
    outer loop
      vertex 1.17054 5.88471 120
      vertex 0.784137 7.96148 120
      vertex 1.56072 7.84628 120
    endloop
  endfacet
  facet normal 0 0 -1
    outer loop
      vertex 0.588102 5.97111 120
      vertex 0.784137 7.96148 120
      vertex 1.17054 5.88471 120
    endloop
  endfacet
  facet normal 0 0 -1
    outer loop
      vertex 0 6 120
      vertex 0.784137 7.96148 120
      vertex 0.588102 5.97111 120
    endloop
  endfacet
  facet normal 0 0 -1
    outer loop
      vertex 0 6 120
      vertex 0 8 120
      vertex 0.784137 7.96148 120
    endloop
  endfacet
  facet normal 0 0 -1
    outer loop
      vertex -0.588102 5.97111 120
      vertex 0 8 120
      vertex 0 6 120
    endloop
  endfacet
  facet normal 0 0 -1
    outer loop
      vertex -0.588102 5.97111 120
      vertex -0.784137 7.96148 120
      vertex 0 8 120
    endloop
  endfacet
  facet normal 0 0 -1
    outer loop
      vertex -1.17054 5.88471 120
      vertex -0.784137 7.96148 120
      vertex -0.588102 5.97111 120
    endloop
  endfacet
  facet normal 0 0 -1
    outer loop
      vertex -1.17054 5.88471 120
      vertex -1.56072 7.84628 120
      vertex -0.784137 7.96148 120
    endloop
  endfacet
  facet normal 0 0 -1
    outer loop
      vertex -1.74171 5.74164 120
      vertex -1.56072 7.84628 120
      vertex -1.17054 5.88471 120
    endloop
  endfacet
  facet normal 0 0 -1
    outer loop
      vertex -2.32228 7.65552 120
      vertex -1.74171 5.74164 120
      vertex -2.2961 5.54328 120
    endloop
  endfacet
  facet normal 0 0 -1
    outer loop
      vertex -1.74171 5.74164 120
      vertex -2.32228 7.65552 120
      vertex -1.56072 7.84628 120
    endloop
  endfacet
  facet normal 0 0 -1
    outer loop
      vertex -3.06147 7.39104 120
      vertex -2.2961 5.54328 120
      vertex -2.82838 5.29153 120
    endloop
  endfacet
  facet normal 0 0 -1
    outer loop
      vertex -2.2961 5.54328 120
      vertex -3.06147 7.39104 120
      vertex -2.32228 7.65552 120
    endloop
  endfacet
  facet normal 0 0 -1
    outer loop
      vertex -3.77117 7.05537 120
      vertex -2.82838 5.29153 120
      vertex -3.33342 4.98882 120
    endloop
  endfacet
  facet normal 0 0 -1
    outer loop
      vertex -2.82838 5.29153 120
      vertex -3.77117 7.05537 120
      vertex -3.06147 7.39104 120
    endloop
  endfacet
  facet normal 0 0 -1
    outer loop
      vertex -4.44456 6.65176 120
      vertex -3.33342 4.98882 120
      vertex -3.80636 4.63806 120
    endloop
  endfacet
  facet normal 0 0 -1
    outer loop
      vertex -5.07515 6.18408 120
      vertex -3.80636 4.63806 120
      vertex -4.24264 4.24264 120
    endloop
  endfacet
  facet normal 0 0 -1
    outer loop
      vertex -3.33342 4.98882 120
      vertex -4.44456 6.65176 120
      vertex -3.77117 7.05537 120
    endloop
  endfacet
  facet normal 0 0 -1
    outer loop
      vertex -5.65685 5.65685 120
      vertex -4.24264 4.24264 120
      vertex -4.63806 3.80636 120
    endloop
  endfacet
  facet normal 0 0 -1
    outer loop
      vertex -6.18408 5.07515 120
      vertex -4.63806 3.80636 120
      vertex -4.98882 3.33342 120
    endloop
  endfacet
  facet normal 0 0 -1
    outer loop
      vertex -3.80636 4.63806 120
      vertex -5.07515 6.18408 120
      vertex -4.44456 6.65176 120
    endloop
  endfacet
  facet normal 0 0 -1
    outer loop
      vertex -6.65176 4.44456 120
      vertex -4.98882 3.33342 120
      vertex -5.29153 2.82838 120
    endloop
  endfacet
  facet normal 0 0 -1
    outer loop
      vertex -7.05537 3.77117 120
      vertex -5.29153 2.82838 120
      vertex -5.54328 2.2961 120
    endloop
  endfacet
  facet normal 0 0 -1
    outer loop
      vertex -4.24264 4.24264 120
      vertex -5.65685 5.65685 120
      vertex -5.07515 6.18408 120
    endloop
  endfacet
  facet normal 0 0 -1
    outer loop
      vertex -7.39104 3.06147 120
      vertex -5.54328 2.2961 120
      vertex -5.74164 1.74171 120
    endloop
  endfacet
  facet normal 0 0 -1
    outer loop
      vertex -7.65552 2.32228 120
      vertex -5.74164 1.74171 120
      vertex -5.88471 1.17054 120
    endloop
  endfacet
  facet normal 0 0 -1
    outer loop
      vertex -7.84628 1.56072 120
      vertex -5.88471 1.17054 120
      vertex -5.97111 0.588102 120
    endloop
  endfacet
  facet normal 0 0 -1
    outer loop
      vertex -4.63806 3.80636 120
      vertex -6.18408 5.07515 120
      vertex -5.65685 5.65685 120
    endloop
  endfacet
  facet normal 0 0 -1
    outer loop
      vertex -7.96148 0.784137 120
      vertex -5.97111 0.588102 120
      vertex -6 0 120
    endloop
  endfacet
  facet normal 0 0 -1
    outer loop
      vertex -7.65552 -2.32228 120
      vertex -5.74164 -1.74171 120
      vertex -7.39104 -3.06147 120
    endloop
  endfacet
  facet normal -0 0 -1
    outer loop
      vertex -5.74164 -1.74171 120
      vertex -7.65552 -2.32228 120
      vertex -5.88471 -1.17054 120
    endloop
  endfacet
  facet normal 0 0 -1
    outer loop
      vertex -4.98882 3.33342 120
      vertex -6.65176 4.44456 120
      vertex -6.18408 5.07515 120
    endloop
  endfacet
  facet normal 0 0 -1
    outer loop
      vertex -7.84628 -1.56072 120
      vertex -5.88471 -1.17054 120
      vertex -7.65552 -2.32228 120
    endloop
  endfacet
  facet normal 0 0 -1
    outer loop
      vertex -5.29153 2.82838 120
      vertex -7.05537 3.77117 120
      vertex -6.65176 4.44456 120
    endloop
  endfacet
  facet normal -0 0 -1
    outer loop
      vertex -5.88471 -1.17054 120
      vertex -7.84628 -1.56072 120
      vertex -5.97111 -0.588102 120
    endloop
  endfacet
  facet normal 0 0 -1
    outer loop
      vertex -5.54328 2.2961 120
      vertex -7.39104 3.06147 120
      vertex -7.05537 3.77117 120
    endloop
  endfacet
  facet normal 0 0 -1
    outer loop
      vertex -7.96148 -0.784137 120
      vertex -5.97111 -0.588102 120
      vertex -7.84628 -1.56072 120
    endloop
  endfacet
  facet normal 0 0 -1
    outer loop
      vertex -5.74164 1.74171 120
      vertex -7.65552 2.32228 120
      vertex -7.39104 3.06147 120
    endloop
  endfacet
  facet normal -0 0 -1
    outer loop
      vertex -5.97111 -0.588102 120
      vertex -7.96148 -0.784137 120
      vertex -6 0 120
    endloop
  endfacet
  facet normal 0 0 -1
    outer loop
      vertex -5.88471 1.17054 120
      vertex -7.84628 1.56072 120
      vertex -7.65552 2.32228 120
    endloop
  endfacet
  facet normal 0 0 -1
    outer loop
      vertex -8 0 120
      vertex -6 0 120
      vertex -7.96148 -0.784137 120
    endloop
  endfacet
  facet normal 0 0 -1
    outer loop
      vertex -5.97111 0.588102 120
      vertex -7.96148 0.784137 120
      vertex -7.84628 1.56072 120
    endloop
  endfacet
  facet normal 0 0 -1
    outer loop
      vertex -6 0 120
      vertex -8 0 120
      vertex -7.96148 0.784137 120
    endloop
  endfacet
  facet normal -0.427562 0.903986 0
    outer loop
      vertex -3.06147 7.39104 120
      vertex -3.77117 7.05537 128
      vertex -3.06147 7.39104 128
    endloop
  endfacet
  facet normal -0.427562 0.903986 0
    outer loop
      vertex -3.77117 7.05537 128
      vertex -3.06147 7.39104 120
      vertex -3.77117 7.05537 120
    endloop
  endfacet
  facet normal -0.857731 0.514099 0
    outer loop
      vertex -7.05537 3.77117 120
      vertex -6.65176 4.44456 128
      vertex -6.65176 4.44456 120
    endloop
  endfacet
  facet normal -0.857731 0.514099 0
    outer loop
      vertex -6.65176 4.44456 128
      vertex -7.05537 3.77117 120
      vertex -7.05537 3.77117 128
    endloop
  endfacet
  facet normal 0 0 1
    outer loop
      vertex 6 0 128
      vertex 8 0 128
      vertex 7.96148 0.784137 128
    endloop
  endfacet
  facet normal 0 0 1
    outer loop
      vertex 5.97111 0.588102 128
      vertex 7.96148 0.784137 128
      vertex 7.84628 1.56072 128
    endloop
  endfacet
  facet normal 0 0 1
    outer loop
      vertex 8 0 128
      vertex 6 0 128
      vertex 7.96148 -0.784137 128
    endloop
  endfacet
  facet normal 0 0 1
    outer loop
      vertex 5.88471 1.17054 128
      vertex 7.84628 1.56072 128
      vertex 7.65552 2.32228 128
    endloop
  endfacet
  facet normal -0 0 1
    outer loop
      vertex 5.97111 -0.588102 128
      vertex 7.96148 -0.784137 128
      vertex 6 0 128
    endloop
  endfacet
  facet normal 0 0 1
    outer loop
      vertex 5.74164 1.74171 128
      vertex 7.65552 2.32228 128
      vertex 7.39104 3.06147 128
    endloop
  endfacet
  facet normal 0 0 1
    outer loop
      vertex 7.96148 -0.784137 128
      vertex 5.97111 -0.588102 128
      vertex 7.84628 -1.56072 128
    endloop
  endfacet
  facet normal 0 0 1
    outer loop
      vertex 5.54328 2.2961 128
      vertex 7.39104 3.06147 128
      vertex 7.05537 3.77117 128
    endloop
  endfacet
  facet normal -0 0 1
    outer loop
      vertex 5.88471 -1.17054 128
      vertex 7.84628 -1.56072 128
      vertex 5.97111 -0.588102 128
    endloop
  endfacet
  facet normal 0 0 1
    outer loop
      vertex 5.29153 2.82838 128
      vertex 7.05537 3.77117 128
      vertex 6.65176 4.44456 128
    endloop
  endfacet
  facet normal 0 0 1
    outer loop
      vertex 7.84628 -1.56072 128
      vertex 5.88471 -1.17054 128
      vertex 7.65552 -2.32228 128
    endloop
  endfacet
  facet normal 0 0 1
    outer loop
      vertex 4.98882 3.33342 128
      vertex 6.65176 4.44456 128
      vertex 6.18408 5.07515 128
    endloop
  endfacet
  facet normal -0 0 1
    outer loop
      vertex 5.74164 -1.74171 128
      vertex 7.65552 -2.32228 128
      vertex 5.88471 -1.17054 128
    endloop
  endfacet
  facet normal 0 0 1
    outer loop
      vertex 7.65552 -2.32228 128
      vertex 5.74164 -1.74171 128
      vertex 7.39104 -3.06147 128
    endloop
  endfacet
  facet normal 0 0 1
    outer loop
      vertex 7.96148 0.784137 128
      vertex 5.97111 0.588102 128
      vertex 6 0 128
    endloop
  endfacet
  facet normal 0 0 1
    outer loop
      vertex 7.84628 1.56072 128
      vertex 5.88471 1.17054 128
      vertex 5.97111 0.588102 128
    endloop
  endfacet
  facet normal 0 0 1
    outer loop
      vertex 7.65552 2.32228 128
      vertex 5.74164 1.74171 128
      vertex 5.88471 1.17054 128
    endloop
  endfacet
  facet normal 0 0 1
    outer loop
      vertex 4.63806 3.80636 128
      vertex 6.18408 5.07515 128
      vertex 5.65685 5.65685 128
    endloop
  endfacet
  facet normal 0 0 1
    outer loop
      vertex 7.39104 3.06147 128
      vertex 5.54328 2.2961 128
      vertex 5.74164 1.74171 128
    endloop
  endfacet
  facet normal 0 0 1
    outer loop
      vertex 7.05537 3.77117 128
      vertex 5.29153 2.82838 128
      vertex 5.54328 2.2961 128
    endloop
  endfacet
  facet normal 0 0 1
    outer loop
      vertex 4.24264 4.24264 128
      vertex 5.65685 5.65685 128
      vertex 5.07515 6.18408 128
    endloop
  endfacet
  facet normal 0 0 1
    outer loop
      vertex 6.65176 4.44456 128
      vertex 4.98882 3.33342 128
      vertex 5.29153 2.82838 128
    endloop
  endfacet
  facet normal 0 0 1
    outer loop
      vertex 6.18408 5.07515 128
      vertex 4.63806 3.80636 128
      vertex 4.98882 3.33342 128
    endloop
  endfacet
  facet normal 0 0 1
    outer loop
      vertex 3.80636 4.63806 128
      vertex 5.07515 6.18408 128
      vertex 4.44456 6.65176 128
    endloop
  endfacet
  facet normal 0 0 1
    outer loop
      vertex 5.65685 5.65685 128
      vertex 4.24264 4.24264 128
      vertex 4.63806 3.80636 128
    endloop
  endfacet
  facet normal 0 0 1
    outer loop
      vertex 5.07515 6.18408 128
      vertex 3.80636 4.63806 128
      vertex 4.24264 4.24264 128
    endloop
  endfacet
  facet normal 0 0 1
    outer loop
      vertex 3.33342 4.98882 128
      vertex 4.44456 6.65176 128
      vertex 3.77117 7.05537 128
    endloop
  endfacet
  facet normal 0 0 1
    outer loop
      vertex 4.44456 6.65176 128
      vertex 3.33342 4.98882 128
      vertex 3.80636 4.63806 128
    endloop
  endfacet
  facet normal 0 0 1
    outer loop
      vertex 2.82838 5.29153 128
      vertex 3.77117 7.05537 128
      vertex 3.06147 7.39104 128
    endloop
  endfacet
  facet normal 0 0 1
    outer loop
      vertex 3.77117 7.05537 128
      vertex 2.82838 5.29153 128
      vertex 3.33342 4.98882 128
    endloop
  endfacet
  facet normal 0 0 1
    outer loop
      vertex 2.2961 5.54328 128
      vertex 3.06147 7.39104 128
      vertex 2.32228 7.65552 128
    endloop
  endfacet
  facet normal 0 0 1
    outer loop
      vertex 3.06147 7.39104 128
      vertex 2.2961 5.54328 128
      vertex 2.82838 5.29153 128
    endloop
  endfacet
  facet normal 0 0 1
    outer loop
      vertex 2.32228 7.65552 128
      vertex 1.74171 5.74164 128
      vertex 2.2961 5.54328 128
    endloop
  endfacet
  facet normal 0 0 1
    outer loop
      vertex 1.56072 7.84628 128
      vertex 1.74171 5.74164 128
      vertex 2.32228 7.65552 128
    endloop
  endfacet
  facet normal 0 0 1
    outer loop
      vertex 1.56072 7.84628 128
      vertex 1.17054 5.88471 128
      vertex 1.74171 5.74164 128
    endloop
  endfacet
  facet normal 0 0 1
    outer loop
      vertex 0.784137 7.96148 128
      vertex 1.17054 5.88471 128
      vertex 1.56072 7.84628 128
    endloop
  endfacet
  facet normal 0 0 1
    outer loop
      vertex 0.784137 7.96148 128
      vertex 0.588102 5.97111 128
      vertex 1.17054 5.88471 128
    endloop
  endfacet
  facet normal 0 0 1
    outer loop
      vertex 0 8 128
      vertex 0.588102 5.97111 128
      vertex 0.784137 7.96148 128
    endloop
  endfacet
  facet normal 0 0 1
    outer loop
      vertex 0 8 128
      vertex 0 6 128
      vertex 0.588102 5.97111 128
    endloop
  endfacet
  facet normal 0 0 1
    outer loop
      vertex 0 8 128
      vertex -0.588102 5.97111 128
      vertex 0 6 128
    endloop
  endfacet
  facet normal -0 0 1
    outer loop
      vertex -0.784137 7.96148 128
      vertex -0.588102 5.97111 128
      vertex 0 8 128
    endloop
  endfacet
  facet normal 0 0 1
    outer loop
      vertex -0.784137 7.96148 128
      vertex -1.17054 5.88471 128
      vertex -0.588102 5.97111 128
    endloop
  endfacet
  facet normal -0 0 1
    outer loop
      vertex -1.56072 7.84628 128
      vertex -1.17054 5.88471 128
      vertex -0.784137 7.96148 128
    endloop
  endfacet
  facet normal 0 0 1
    outer loop
      vertex -1.56072 7.84628 128
      vertex -1.74171 5.74164 128
      vertex -1.17054 5.88471 128
    endloop
  endfacet
  facet normal -0 0 1
    outer loop
      vertex -2.32228 7.65552 128
      vertex -1.74171 5.74164 128
      vertex -1.56072 7.84628 128
    endloop
  endfacet
  facet normal 0 0 1
    outer loop
      vertex -1.74171 5.74164 128
      vertex -2.32228 7.65552 128
      vertex -2.2961 5.54328 128
    endloop
  endfacet
  facet normal -0 0 1
    outer loop
      vertex -3.06147 7.39104 128
      vertex -2.2961 5.54328 128
      vertex -2.32228 7.65552 128
    endloop
  endfacet
  facet normal 0 0 1
    outer loop
      vertex -2.2961 5.54328 128
      vertex -3.06147 7.39104 128
      vertex -2.82838 5.29153 128
    endloop
  endfacet
  facet normal -0 0 1
    outer loop
      vertex -3.77117 7.05537 128
      vertex -2.82838 5.29153 128
      vertex -3.06147 7.39104 128
    endloop
  endfacet
  facet normal 0 0 1
    outer loop
      vertex -2.82838 5.29153 128
      vertex -3.77117 7.05537 128
      vertex -3.33342 4.98882 128
    endloop
  endfacet
  facet normal -0 0 1
    outer loop
      vertex -4.44456 6.65176 128
      vertex -3.33342 4.98882 128
      vertex -3.77117 7.05537 128
    endloop
  endfacet
  facet normal 0 0 1
    outer loop
      vertex -3.33342 4.98882 128
      vertex -4.44456 6.65176 128
      vertex -3.80636 4.63806 128
    endloop
  endfacet
  facet normal -0 0 1
    outer loop
      vertex -5.07515 6.18408 128
      vertex -3.80636 4.63806 128
      vertex -4.44456 6.65176 128
    endloop
  endfacet
  facet normal 0 0 1
    outer loop
      vertex -3.80636 4.63806 128
      vertex -5.07515 6.18408 128
      vertex -4.24264 4.24264 128
    endloop
  endfacet
  facet normal -0 0 1
    outer loop
      vertex -5.65685 5.65685 128
      vertex -4.24264 4.24264 128
      vertex -5.07515 6.18408 128
    endloop
  endfacet
  facet normal 0 0 1
    outer loop
      vertex -4.24264 4.24264 128
      vertex -5.65685 5.65685 128
      vertex -4.63806 3.80636 128
    endloop
  endfacet
  facet normal -0 0 1
    outer loop
      vertex -6.18408 5.07515 128
      vertex -4.63806 3.80636 128
      vertex -5.65685 5.65685 128
    endloop
  endfacet
  facet normal 0 0 1
    outer loop
      vertex -4.63806 3.80636 128
      vertex -6.18408 5.07515 128
      vertex -4.98882 3.33342 128
    endloop
  endfacet
  facet normal -0 0 1
    outer loop
      vertex -6.65176 4.44456 128
      vertex -4.98882 3.33342 128
      vertex -6.18408 5.07515 128
    endloop
  endfacet
  facet normal 0 0 1
    outer loop
      vertex -4.98882 3.33342 128
      vertex -6.65176 4.44456 128
      vertex -5.29153 2.82838 128
    endloop
  endfacet
  facet normal -0 0 1
    outer loop
      vertex -7.05537 3.77117 128
      vertex -5.29153 2.82838 128
      vertex -6.65176 4.44456 128
    endloop
  endfacet
  facet normal 0 0 1
    outer loop
      vertex -5.29153 2.82838 128
      vertex -7.05537 3.77117 128
      vertex -5.54328 2.2961 128
    endloop
  endfacet
  facet normal 0 0 1
    outer loop
      vertex -5.54328 2.2961 128
      vertex -7.39104 3.06147 128
      vertex -5.74164 1.74171 128
    endloop
  endfacet
  facet normal -0 0 1
    outer loop
      vertex -7.39104 3.06147 128
      vertex -5.54328 2.2961 128
      vertex -7.05537 3.77117 128
    endloop
  endfacet
  facet normal -0 0 1
    outer loop
      vertex 5.54328 -2.2961 128
      vertex 7.39104 -3.06147 128
      vertex 5.74164 -1.74171 128
    endloop
  endfacet
  facet normal 0 0 1
    outer loop
      vertex 7.39104 -3.06147 128
      vertex 5.54328 -2.2961 128
      vertex 7.05537 -3.77117 128
    endloop
  endfacet
  facet normal -0 0 1
    outer loop
      vertex 5.29153 -2.82838 128
      vertex 7.05537 -3.77117 128
      vertex 5.54328 -2.2961 128
    endloop
  endfacet
  facet normal 0 0 1
    outer loop
      vertex 7.05537 -3.77117 128
      vertex 5.29153 -2.82838 128
      vertex 6.65176 -4.44456 128
    endloop
  endfacet
  facet normal -0 0 1
    outer loop
      vertex 4.98882 -3.33342 128
      vertex 6.65176 -4.44456 128
      vertex 5.29153 -2.82838 128
    endloop
  endfacet
  facet normal 0 0 1
    outer loop
      vertex 6.65176 -4.44456 128
      vertex 4.98882 -3.33342 128
      vertex 6.18408 -5.07515 128
    endloop
  endfacet
  facet normal -0 0 1
    outer loop
      vertex 4.63806 -3.80636 128
      vertex 6.18408 -5.07515 128
      vertex 4.98882 -3.33342 128
    endloop
  endfacet
  facet normal 0 0 1
    outer loop
      vertex 6.18408 -5.07515 128
      vertex 4.63806 -3.80636 128
      vertex 5.65685 -5.65685 128
    endloop
  endfacet
  facet normal -0 0 1
    outer loop
      vertex 4.24264 -4.24264 128
      vertex 5.65685 -5.65685 128
      vertex 4.63806 -3.80636 128
    endloop
  endfacet
  facet normal 0 0 1
    outer loop
      vertex 5.65685 -5.65685 128
      vertex 4.24264 -4.24264 128
      vertex 5.07515 -6.18408 128
    endloop
  endfacet
  facet normal -0 0 1
    outer loop
      vertex 3.80636 -4.63806 128
      vertex 5.07515 -6.18408 128
      vertex 4.24264 -4.24264 128
    endloop
  endfacet
  facet normal 0 0 1
    outer loop
      vertex 5.07515 -6.18408 128
      vertex 3.80636 -4.63806 128
      vertex 4.44456 -6.65176 128
    endloop
  endfacet
  facet normal -0 0 1
    outer loop
      vertex 3.33342 -4.98882 128
      vertex 4.44456 -6.65176 128
      vertex 3.80636 -4.63806 128
    endloop
  endfacet
  facet normal 0 0 1
    outer loop
      vertex 4.44456 -6.65176 128
      vertex 3.33342 -4.98882 128
      vertex 3.77117 -7.05537 128
    endloop
  endfacet
  facet normal -0 0 1
    outer loop
      vertex 2.82838 -5.29153 128
      vertex 3.77117 -7.05537 128
      vertex 3.33342 -4.98882 128
    endloop
  endfacet
  facet normal 0 0 1
    outer loop
      vertex 3.77117 -7.05537 128
      vertex 2.82838 -5.29153 128
      vertex 3.06147 -7.39104 128
    endloop
  endfacet
  facet normal -0 0 1
    outer loop
      vertex 2.2961 -5.54328 128
      vertex 3.06147 -7.39104 128
      vertex 2.82838 -5.29153 128
    endloop
  endfacet
  facet normal 0 0 1
    outer loop
      vertex 3.06147 -7.39104 128
      vertex 2.2961 -5.54328 128
      vertex 2.32228 -7.65552 128
    endloop
  endfacet
  facet normal -0 0 1
    outer loop
      vertex 1.74171 -5.74164 128
      vertex 2.32228 -7.65552 128
      vertex 2.2961 -5.54328 128
    endloop
  endfacet
  facet normal 0 0 1
    outer loop
      vertex 1.74171 -5.74164 128
      vertex 1.56072 -7.84628 128
      vertex 2.32228 -7.65552 128
    endloop
  endfacet
  facet normal -0 0 1
    outer loop
      vertex 1.17054 -5.88471 128
      vertex 1.56072 -7.84628 128
      vertex 1.74171 -5.74164 128
    endloop
  endfacet
  facet normal 0 0 1
    outer loop
      vertex 1.17054 -5.88471 128
      vertex 0.784137 -7.96148 128
      vertex 1.56072 -7.84628 128
    endloop
  endfacet
  facet normal -0 0 1
    outer loop
      vertex 0.588102 -5.97111 128
      vertex 0.784137 -7.96148 128
      vertex 1.17054 -5.88471 128
    endloop
  endfacet
  facet normal -0 0 1
    outer loop
      vertex 0 -6 128
      vertex 0.784137 -7.96148 128
      vertex 0.588102 -5.97111 128
    endloop
  endfacet
  facet normal 0 0 1
    outer loop
      vertex 0 -6 128
      vertex 0 -8 128
      vertex 0.784137 -7.96148 128
    endloop
  endfacet
  facet normal 0 0 1
    outer loop
      vertex -0.588102 -5.97111 128
      vertex 0 -8 128
      vertex 0 -6 128
    endloop
  endfacet
  facet normal 0 0 1
    outer loop
      vertex -0.588102 -5.97111 128
      vertex -0.784137 -7.96148 128
      vertex 0 -8 128
    endloop
  endfacet
  facet normal 0 0 1
    outer loop
      vertex -1.17054 -5.88471 128
      vertex -0.784137 -7.96148 128
      vertex -0.588102 -5.97111 128
    endloop
  endfacet
  facet normal 0 0 1
    outer loop
      vertex -1.17054 -5.88471 128
      vertex -1.56072 -7.84628 128
      vertex -0.784137 -7.96148 128
    endloop
  endfacet
  facet normal 0 0 1
    outer loop
      vertex -1.74171 -5.74164 128
      vertex -1.56072 -7.84628 128
      vertex -1.17054 -5.88471 128
    endloop
  endfacet
  facet normal 0 0 1
    outer loop
      vertex -2.32228 -7.65552 128
      vertex -1.74171 -5.74164 128
      vertex -2.2961 -5.54328 128
    endloop
  endfacet
  facet normal 0 0 1
    outer loop
      vertex -1.74171 -5.74164 128
      vertex -2.32228 -7.65552 128
      vertex -1.56072 -7.84628 128
    endloop
  endfacet
  facet normal 0 0 1
    outer loop
      vertex -3.06147 -7.39104 128
      vertex -2.2961 -5.54328 128
      vertex -2.82838 -5.29153 128
    endloop
  endfacet
  facet normal 0 0 1
    outer loop
      vertex -2.2961 -5.54328 128
      vertex -3.06147 -7.39104 128
      vertex -2.32228 -7.65552 128
    endloop
  endfacet
  facet normal 0 0 1
    outer loop
      vertex -3.77117 -7.05537 128
      vertex -2.82838 -5.29153 128
      vertex -3.33342 -4.98882 128
    endloop
  endfacet
  facet normal 0 0 1
    outer loop
      vertex -2.82838 -5.29153 128
      vertex -3.77117 -7.05537 128
      vertex -3.06147 -7.39104 128
    endloop
  endfacet
  facet normal 0 0 1
    outer loop
      vertex -4.44456 -6.65176 128
      vertex -3.33342 -4.98882 128
      vertex -3.80636 -4.63806 128
    endloop
  endfacet
  facet normal 0 0 1
    outer loop
      vertex -5.07515 -6.18408 128
      vertex -3.80636 -4.63806 128
      vertex -4.24264 -4.24264 128
    endloop
  endfacet
  facet normal 0 0 1
    outer loop
      vertex -3.33342 -4.98882 128
      vertex -4.44456 -6.65176 128
      vertex -3.77117 -7.05537 128
    endloop
  endfacet
  facet normal 0 0 1
    outer loop
      vertex -5.65685 -5.65685 128
      vertex -4.24264 -4.24264 128
      vertex -4.63806 -3.80636 128
    endloop
  endfacet
  facet normal 0 0 1
    outer loop
      vertex -6.18408 -5.07515 128
      vertex -4.63806 -3.80636 128
      vertex -4.98882 -3.33342 128
    endloop
  endfacet
  facet normal 0 0 1
    outer loop
      vertex -3.80636 -4.63806 128
      vertex -5.07515 -6.18408 128
      vertex -4.44456 -6.65176 128
    endloop
  endfacet
  facet normal 0 0 1
    outer loop
      vertex -6.65176 -4.44456 128
      vertex -4.98882 -3.33342 128
      vertex -5.29153 -2.82838 128
    endloop
  endfacet
  facet normal 0 0 1
    outer loop
      vertex -7.05537 -3.77117 128
      vertex -5.29153 -2.82838 128
      vertex -5.54328 -2.2961 128
    endloop
  endfacet
  facet normal 0 0 1
    outer loop
      vertex -4.24264 -4.24264 128
      vertex -5.65685 -5.65685 128
      vertex -5.07515 -6.18408 128
    endloop
  endfacet
  facet normal 0 0 1
    outer loop
      vertex -7.39104 -3.06147 128
      vertex -5.54328 -2.2961 128
      vertex -5.74164 -1.74171 128
    endloop
  endfacet
  facet normal 0 0 1
    outer loop
      vertex -7.65552 -2.32228 128
      vertex -5.74164 -1.74171 128
      vertex -5.88471 -1.17054 128
    endloop
  endfacet
  facet normal 0 0 1
    outer loop
      vertex -7.84628 -1.56072 128
      vertex -5.88471 -1.17054 128
      vertex -5.97111 -0.588102 128
    endloop
  endfacet
  facet normal 0 0 1
    outer loop
      vertex -4.63806 -3.80636 128
      vertex -6.18408 -5.07515 128
      vertex -5.65685 -5.65685 128
    endloop
  endfacet
  facet normal 0 0 1
    outer loop
      vertex -7.96148 -0.784137 128
      vertex -5.97111 -0.588102 128
      vertex -6 0 128
    endloop
  endfacet
  facet normal -0 0 1
    outer loop
      vertex -7.65552 2.32228 128
      vertex -5.74164 1.74171 128
      vertex -7.39104 3.06147 128
    endloop
  endfacet
  facet normal 0 0 1
    outer loop
      vertex -5.74164 1.74171 128
      vertex -7.65552 2.32228 128
      vertex -5.88471 1.17054 128
    endloop
  endfacet
  facet normal 0 0 1
    outer loop
      vertex -4.98882 -3.33342 128
      vertex -6.65176 -4.44456 128
      vertex -6.18408 -5.07515 128
    endloop
  endfacet
  facet normal -0 0 1
    outer loop
      vertex -7.84628 1.56072 128
      vertex -5.88471 1.17054 128
      vertex -7.65552 2.32228 128
    endloop
  endfacet
  facet normal 0 0 1
    outer loop
      vertex -5.29153 -2.82838 128
      vertex -7.05537 -3.77117 128
      vertex -6.65176 -4.44456 128
    endloop
  endfacet
  facet normal 0 0 1
    outer loop
      vertex -5.88471 1.17054 128
      vertex -7.84628 1.56072 128
      vertex -5.97111 0.588102 128
    endloop
  endfacet
  facet normal 0 0 1
    outer loop
      vertex -5.54328 -2.2961 128
      vertex -7.39104 -3.06147 128
      vertex -7.05537 -3.77117 128
    endloop
  endfacet
  facet normal -0 0 1
    outer loop
      vertex -7.96148 0.784137 128
      vertex -5.97111 0.588102 128
      vertex -7.84628 1.56072 128
    endloop
  endfacet
  facet normal 0 0 1
    outer loop
      vertex -5.74164 -1.74171 128
      vertex -7.65552 -2.32228 128
      vertex -7.39104 -3.06147 128
    endloop
  endfacet
  facet normal 0 0 1
    outer loop
      vertex -5.97111 0.588102 128
      vertex -7.96148 0.784137 128
      vertex -6 0 128
    endloop
  endfacet
  facet normal 0 0 1
    outer loop
      vertex -5.88471 -1.17054 128
      vertex -7.84628 -1.56072 128
      vertex -7.65552 -2.32228 128
    endloop
  endfacet
  facet normal 0 0 1
    outer loop
      vertex -8 0 128
      vertex -6 0 128
      vertex -7.96148 0.784137 128
    endloop
  endfacet
  facet normal 0 0 1
    outer loop
      vertex -5.97111 -0.588102 128
      vertex -7.96148 -0.784137 128
      vertex -7.84628 -1.56072 128
    endloop
  endfacet
  facet normal 0 0 1
    outer loop
      vertex -6 0 128
      vertex -8 0 128
      vertex -7.96148 -0.784137 128
    endloop
  endfacet
  facet normal -0.595701 -0.803206 0
    outer loop
      vertex -5.07515 -6.18408 120
      vertex -4.44456 -6.65176 128
      vertex -5.07515 -6.18408 128
    endloop
  endfacet
  facet normal -0.595701 -0.803206 -0
    outer loop
      vertex -4.44456 -6.65176 128
      vertex -5.07515 -6.18408 120
      vertex -4.44456 -6.65176 120
    endloop
  endfacet
  facet normal -0.740952 0.671558 0
    outer loop
      vertex 4.24264 -4.24264 125
      vertex 4.63806 -3.80636 128
      vertex 4.63806 -3.80636 125
    endloop
  endfacet
  facet normal -0.740952 0.671558 0
    outer loop
      vertex 4.63806 -3.80636 128
      vertex 4.24264 -4.24264 125
      vertex 4.24264 -4.24264 128
    endloop
  endfacet
  facet normal 0.740952 -0.671558 0
    outer loop
      vertex 4.24264 -4.24264 120
      vertex 4.63806 -3.80636 5
      vertex 4.63806 -3.80636 120
    endloop
  endfacet
  facet normal 0.740952 -0.671558 0
    outer loop
      vertex 4.63806 -3.80636 5
      vertex 4.24264 -4.24264 120
      vertex 4.24264 -4.24264 5
    endloop
  endfacet
  facet normal -0.941546 0.336884 0
    outer loop
      vertex 5.54328 -2.2961 125
      vertex 5.74164 -1.74171 128
      vertex 5.74164 -1.74171 125
    endloop
  endfacet
  facet normal -0.941546 0.336884 0
    outer loop
      vertex 5.74164 -1.74171 128
      vertex 5.54328 -2.2961 125
      vertex 5.54328 -2.2961 128
    endloop
  endfacet
  facet normal 0.941546 -0.336884 0
    outer loop
      vertex 5.54328 -2.2961 120
      vertex 5.74164 -1.74171 5
      vertex 5.74164 -1.74171 120
    endloop
  endfacet
  facet normal 0.941546 -0.336884 0
    outer loop
      vertex 5.74164 -1.74171 5
      vertex 5.54328 -2.2961 120
      vertex 5.54328 -2.2961 5
    endloop
  endfacet
  facet normal 0.803204 0.595703 0
    outer loop
      vertex 4.98882 3.33342 120
      vertex 4.63806 3.80636 5
      vertex 4.63806 3.80636 120
    endloop
  endfacet
  facet normal 0.803204 0.595703 0
    outer loop
      vertex 4.63806 3.80636 5
      vertex 4.98882 3.33342 120
      vertex 4.98882 3.33342 5
    endloop
  endfacet
  facet normal -0.803204 -0.595703 0
    outer loop
      vertex 4.98882 3.33342 125
      vertex 4.63806 3.80636 128
      vertex 4.63806 3.80636 125
    endloop
  endfacet
  facet normal -0.803204 -0.595703 0
    outer loop
      vertex 4.63806 3.80636 128
      vertex 4.98882 3.33342 125
      vertex 4.98882 3.33342 128
    endloop
  endfacet
  facet normal -0.989176 -0.146736 0
    outer loop
      vertex 5.97111 0.588102 125
      vertex 5.88471 1.17054 128
      vertex 5.88471 1.17054 125
    endloop
  endfacet
  facet normal -0.989176 -0.146736 0
    outer loop
      vertex 5.88471 1.17054 128
      vertex 5.97111 0.588102 125
      vertex 5.97111 0.588102 128
    endloop
  endfacet
  facet normal 0.989176 0.146736 0
    outer loop
      vertex 5.97111 0.588102 120
      vertex 5.88471 1.17054 5
      vertex 5.88471 1.17054 120
    endloop
  endfacet
  facet normal 0.989176 0.146736 0
    outer loop
      vertex 5.88471 1.17054 5
      vertex 5.97111 0.588102 120
      vertex 5.97111 0.588102 5
    endloop
  endfacet
  facet normal -0.857728 0.514104 0
    outer loop
      vertex 4.98882 -3.33342 125
      vertex 5.29153 -2.82838 128
      vertex 5.29153 -2.82838 125
    endloop
  endfacet
  facet normal -0.857728 0.514104 0
    outer loop
      vertex 5.29153 -2.82838 128
      vertex 4.98882 -3.33342 125
      vertex 4.98882 -3.33342 128
    endloop
  endfacet
  facet normal 0.857728 -0.514104 0
    outer loop
      vertex 4.98882 -3.33342 120
      vertex 5.29153 -2.82838 5
      vertex 5.29153 -2.82838 120
    endloop
  endfacet
  facet normal 0.857728 -0.514104 0
    outer loop
      vertex 5.29153 -2.82838 5
      vertex 4.98882 -3.33342 120
      vertex 4.98882 -3.33342 5
    endloop
  endfacet
  facet normal -0.146736 0.989176 0
    outer loop
      vertex 1.17054 -5.88471 125
      vertex 0.588102 -5.97111 128
      vertex 1.17054 -5.88471 128
    endloop
  endfacet
  facet normal -0.146736 0.989176 0
    outer loop
      vertex 0.588102 -5.97111 128
      vertex 1.17054 -5.88471 125
      vertex 0.588102 -5.97111 125
    endloop
  endfacet
  facet normal 0.146736 -0.989176 0
    outer loop
      vertex 0.588102 -5.97111 5
      vertex 1.17054 -5.88471 120
      vertex 0.588102 -5.97111 120
    endloop
  endfacet
  facet normal 0.146736 -0.989176 0
    outer loop
      vertex 1.17054 -5.88471 120
      vertex 0.588102 -5.97111 5
      vertex 1.17054 -5.88471 5
    endloop
  endfacet
  facet normal -0.803204 0.595703 0
    outer loop
      vertex 4.63806 -3.80636 125
      vertex 4.98882 -3.33342 128
      vertex 4.98882 -3.33342 125
    endloop
  endfacet
  facet normal -0.803204 0.595703 0
    outer loop
      vertex 4.98882 -3.33342 128
      vertex 4.63806 -3.80636 125
      vertex 4.63806 -3.80636 128
    endloop
  endfacet
  facet normal 0.803204 -0.595703 0
    outer loop
      vertex 4.63806 -3.80636 120
      vertex 4.98882 -3.33342 5
      vertex 4.98882 -3.33342 120
    endloop
  endfacet
  facet normal 0.803204 -0.595703 0
    outer loop
      vertex 4.98882 -3.33342 5
      vertex 4.63806 -3.80636 120
      vertex 4.63806 -3.80636 5
    endloop
  endfacet
  facet normal 0.903989 0.427556 0
    outer loop
      vertex -5.29153 -2.82838 128
      vertex -5.54328 -2.2961 125
      vertex -5.54328 -2.2961 128
    endloop
  endfacet
  facet normal 0.903989 0.427556 0
    outer loop
      vertex -5.54328 -2.2961 125
      vertex -5.29153 -2.82838 128
      vertex -5.29153 -2.82838 125
    endloop
  endfacet
  facet normal -0.903989 -0.427556 0
    outer loop
      vertex -5.29153 -2.82838 5
      vertex -5.54328 -2.2961 120
      vertex -5.54328 -2.2961 5
    endloop
  endfacet
  facet normal -0.903989 -0.427556 0
    outer loop
      vertex -5.54328 -2.2961 120
      vertex -5.29153 -2.82838 5
      vertex -5.29153 -2.82838 120
    endloop
  endfacet
  facet normal -0.336884 0.941546 0
    outer loop
      vertex -1.74171 5.74164 5
      vertex -2.2961 5.54328 120
      vertex -1.74171 5.74164 120
    endloop
  endfacet
  facet normal -0.336884 0.941546 0
    outer loop
      vertex -2.2961 5.54328 120
      vertex -1.74171 5.74164 5
      vertex -2.2961 5.54328 5
    endloop
  endfacet
  facet normal 0.336884 -0.941546 0
    outer loop
      vertex -2.2961 5.54328 125
      vertex -1.74171 5.74164 128
      vertex -2.2961 5.54328 128
    endloop
  endfacet
  facet normal 0.336884 -0.941546 0
    outer loop
      vertex -1.74171 5.74164 128
      vertex -2.2961 5.54328 125
      vertex -1.74171 5.74164 125
    endloop
  endfacet
  facet normal 0.740952 0.671558 0
    outer loop
      vertex 4.63806 3.80636 120
      vertex 4.24264 4.24264 5
      vertex 4.24264 4.24264 120
    endloop
  endfacet
  facet normal 0.740952 0.671558 0
    outer loop
      vertex 4.24264 4.24264 5
      vertex 4.63806 3.80636 120
      vertex 4.63806 3.80636 5
    endloop
  endfacet
  facet normal -0.740952 -0.671558 0
    outer loop
      vertex 4.63806 3.80636 125
      vertex 4.24264 4.24264 128
      vertex 4.24264 4.24264 125
    endloop
  endfacet
  facet normal -0.740952 -0.671558 0
    outer loop
      vertex 4.24264 4.24264 128
      vertex 4.63806 3.80636 125
      vertex 4.63806 3.80636 128
    endloop
  endfacet
  facet normal -0.514104 0.857728 0
    outer loop
      vertex -2.82838 5.29153 5
      vertex -3.33342 4.98882 120
      vertex -2.82838 5.29153 120
    endloop
  endfacet
  facet normal -0.514104 0.857728 0
    outer loop
      vertex -3.33342 4.98882 120
      vertex -2.82838 5.29153 5
      vertex -3.33342 4.98882 5
    endloop
  endfacet
  facet normal 0.514104 -0.857728 0
    outer loop
      vertex -3.33342 4.98882 125
      vertex -2.82838 5.29153 128
      vertex -3.33342 4.98882 128
    endloop
  endfacet
  facet normal 0.514104 -0.857728 0
    outer loop
      vertex -2.82838 5.29153 128
      vertex -3.33342 4.98882 125
      vertex -2.82838 5.29153 125
    endloop
  endfacet
  facet normal -0.242979 0.970032 0
    outer loop
      vertex 1.74171 -5.74164 125
      vertex 1.17054 -5.88471 128
      vertex 1.74171 -5.74164 128
    endloop
  endfacet
  facet normal -0.242979 0.970032 0
    outer loop
      vertex 1.17054 -5.88471 128
      vertex 1.74171 -5.74164 125
      vertex 1.17054 -5.88471 125
    endloop
  endfacet
  facet normal 0.242979 -0.970032 0
    outer loop
      vertex 1.17054 -5.88471 5
      vertex 1.74171 -5.74164 120
      vertex 1.17054 -5.88471 120
    endloop
  endfacet
  facet normal 0.242979 -0.970032 0
    outer loop
      vertex 1.74171 -5.74164 120
      vertex 1.17054 -5.88471 5
      vertex 1.74171 -5.74164 5
    endloop
  endfacet
  facet normal -0.803204 -0.595703 0
    outer loop
      vertex -4.63806 -3.80636 5
      vertex -4.98882 -3.33342 120
      vertex -4.98882 -3.33342 5
    endloop
  endfacet
  facet normal -0.803204 -0.595703 0
    outer loop
      vertex -4.98882 -3.33342 120
      vertex -4.63806 -3.80636 5
      vertex -4.63806 -3.80636 120
    endloop
  endfacet
  facet normal 0.803204 0.595703 0
    outer loop
      vertex -4.63806 -3.80636 128
      vertex -4.98882 -3.33342 125
      vertex -4.98882 -3.33342 128
    endloop
  endfacet
  facet normal 0.803204 0.595703 0
    outer loop
      vertex -4.98882 -3.33342 125
      vertex -4.63806 -3.80636 128
      vertex -4.63806 -3.80636 125
    endloop
  endfacet
  facet normal -0.941546 -0.336884 0
    outer loop
      vertex 5.74164 1.74171 125
      vertex 5.54328 2.2961 128
      vertex 5.54328 2.2961 125
    endloop
  endfacet
  facet normal -0.941546 -0.336884 0
    outer loop
      vertex 5.54328 2.2961 128
      vertex 5.74164 1.74171 125
      vertex 5.74164 1.74171 128
    endloop
  endfacet
  facet normal 0.941546 0.336884 0
    outer loop
      vertex 5.74164 1.74171 120
      vertex 5.54328 2.2961 5
      vertex 5.54328 2.2961 120
    endloop
  endfacet
  facet normal 0.941546 0.336884 0
    outer loop
      vertex 5.54328 2.2961 5
      vertex 5.74164 1.74171 120
      vertex 5.74164 1.74171 5
    endloop
  endfacet
  facet normal 0.857728 0.514104 0
    outer loop
      vertex 5.29153 2.82838 120
      vertex 4.98882 3.33342 5
      vertex 4.98882 3.33342 120
    endloop
  endfacet
  facet normal 0.857728 0.514104 0
    outer loop
      vertex 4.98882 3.33342 5
      vertex 5.29153 2.82838 120
      vertex 5.29153 2.82838 5
    endloop
  endfacet
  facet normal -0.857728 -0.514104 0
    outer loop
      vertex 5.29153 2.82838 125
      vertex 4.98882 3.33342 128
      vertex 4.98882 3.33342 125
    endloop
  endfacet
  facet normal -0.857728 -0.514104 0
    outer loop
      vertex 4.98882 3.33342 128
      vertex 5.29153 2.82838 125
      vertex 5.29153 2.82838 128
    endloop
  endfacet
  facet normal 0.857728 0.514104 0
    outer loop
      vertex -4.98882 -3.33342 128
      vertex -5.29153 -2.82838 125
      vertex -5.29153 -2.82838 128
    endloop
  endfacet
  facet normal 0.857728 0.514104 0
    outer loop
      vertex -5.29153 -2.82838 125
      vertex -4.98882 -3.33342 128
      vertex -4.98882 -3.33342 125
    endloop
  endfacet
  facet normal -0.857728 -0.514104 0
    outer loop
      vertex -4.98882 -3.33342 5
      vertex -5.29153 -2.82838 120
      vertex -5.29153 -2.82838 5
    endloop
  endfacet
  facet normal -0.857728 -0.514104 0
    outer loop
      vertex -5.29153 -2.82838 120
      vertex -4.98882 -3.33342 5
      vertex -4.98882 -3.33342 120
    endloop
  endfacet
  facet normal -0.740952 -0.671558 0
    outer loop
      vertex -4.24264 -4.24264 5
      vertex -4.63806 -3.80636 120
      vertex -4.63806 -3.80636 5
    endloop
  endfacet
  facet normal -0.740952 -0.671558 0
    outer loop
      vertex -4.63806 -3.80636 120
      vertex -4.24264 -4.24264 5
      vertex -4.24264 -4.24264 120
    endloop
  endfacet
  facet normal 0.740952 0.671558 0
    outer loop
      vertex -4.24264 -4.24264 128
      vertex -4.63806 -3.80636 125
      vertex -4.63806 -3.80636 128
    endloop
  endfacet
  facet normal 0.740952 0.671558 0
    outer loop
      vertex -4.63806 -3.80636 125
      vertex -4.24264 -4.24264 128
      vertex -4.24264 -4.24264 125
    endloop
  endfacet
  facet normal -0.903989 -0.427556 0
    outer loop
      vertex 5.54328 2.2961 125
      vertex 5.29153 2.82838 128
      vertex 5.29153 2.82838 125
    endloop
  endfacet
  facet normal -0.903989 -0.427556 0
    outer loop
      vertex 5.29153 2.82838 128
      vertex 5.54328 2.2961 125
      vertex 5.54328 2.2961 128
    endloop
  endfacet
  facet normal 0.903989 0.427556 0
    outer loop
      vertex 5.54328 2.2961 120
      vertex 5.29153 2.82838 5
      vertex 5.29153 2.82838 120
    endloop
  endfacet
  facet normal 0.903989 0.427556 0
    outer loop
      vertex 5.29153 2.82838 5
      vertex 5.54328 2.2961 120
      vertex 5.54328 2.2961 5
    endloop
  endfacet
  facet normal -0.998796 -0.049065 0
    outer loop
      vertex 6 0 125
      vertex 5.97111 0.588102 128
      vertex 5.97111 0.588102 125
    endloop
  endfacet
  facet normal -0.998796 -0.049065 0
    outer loop
      vertex 5.97111 0.588102 128
      vertex 6 0 125
      vertex 6 0 128
    endloop
  endfacet
  facet normal 0.998796 0.049065 0
    outer loop
      vertex 6 0 120
      vertex 5.97111 0.588102 5
      vertex 5.97111 0.588102 120
    endloop
  endfacet
  facet normal 0.998796 0.049065 0
    outer loop
      vertex 5.97111 0.588102 5
      vertex 6 0 120
      vertex 6 0 5
    endloop
  endfacet
  facet normal -0.970032 -0.242979 0
    outer loop
      vertex -5.74164 -1.74171 5
      vertex -5.88471 -1.17054 120
      vertex -5.88471 -1.17054 5
    endloop
  endfacet
  facet normal -0.970032 -0.242979 0
    outer loop
      vertex -5.88471 -1.17054 120
      vertex -5.74164 -1.74171 5
      vertex -5.74164 -1.74171 120
    endloop
  endfacet
  facet normal 0.970032 0.242979 0
    outer loop
      vertex -5.74164 -1.74171 128
      vertex -5.88471 -1.17054 125
      vertex -5.88471 -1.17054 128
    endloop
  endfacet
  facet normal 0.970032 0.242979 0
    outer loop
      vertex -5.88471 -1.17054 125
      vertex -5.74164 -1.74171 128
      vertex -5.74164 -1.74171 125
    endloop
  endfacet
  facet normal -0.989176 0.146736 0
    outer loop
      vertex 5.88471 -1.17054 125
      vertex 5.97111 -0.588102 128
      vertex 5.97111 -0.588102 125
    endloop
  endfacet
  facet normal -0.989176 0.146736 0
    outer loop
      vertex 5.97111 -0.588102 128
      vertex 5.88471 -1.17054 125
      vertex 5.88471 -1.17054 128
    endloop
  endfacet
  facet normal 0.989176 -0.146736 0
    outer loop
      vertex 5.88471 -1.17054 120
      vertex 5.97111 -0.588102 5
      vertex 5.97111 -0.588102 120
    endloop
  endfacet
  facet normal 0.989176 -0.146736 0
    outer loop
      vertex 5.97111 -0.588102 5
      vertex 5.88471 -1.17054 120
      vertex 5.88471 -1.17054 5
    endloop
  endfacet
  facet normal -0.049065 0.998796 0
    outer loop
      vertex 0 6 5
      vertex -0.588102 5.97111 120
      vertex 0 6 120
    endloop
  endfacet
  facet normal -0.049065 0.998796 0
    outer loop
      vertex -0.588102 5.97111 120
      vertex 0 6 5
      vertex -0.588102 5.97111 5
    endloop
  endfacet
  facet normal 0.049065 -0.998796 0
    outer loop
      vertex -0.588102 5.97111 125
      vertex 0 6 128
      vertex -0.588102 5.97111 128
    endloop
  endfacet
  facet normal 0.049065 -0.998796 0
    outer loop
      vertex 0 6 128
      vertex -0.588102 5.97111 125
      vertex 0 6 125
    endloop
  endfacet
  facet normal -0.242979 -0.970032 0
    outer loop
      vertex -1.74171 -5.74164 5
      vertex -1.17054 -5.88471 120
      vertex -1.74171 -5.74164 120
    endloop
  endfacet
  facet normal -0.242979 -0.970032 -0
    outer loop
      vertex -1.17054 -5.88471 120
      vertex -1.74171 -5.74164 5
      vertex -1.17054 -5.88471 5
    endloop
  endfacet
  facet normal 0.242979 0.970032 -0
    outer loop
      vertex -1.17054 -5.88471 125
      vertex -1.74171 -5.74164 128
      vertex -1.17054 -5.88471 128
    endloop
  endfacet
  facet normal 0.242979 0.970032 0
    outer loop
      vertex -1.74171 -5.74164 128
      vertex -1.17054 -5.88471 125
      vertex -1.74171 -5.74164 125
    endloop
  endfacet
  facet normal 0.427556 0.903989 -0
    outer loop
      vertex -2.2961 -5.54328 125
      vertex -2.82838 -5.29153 128
      vertex -2.2961 -5.54328 128
    endloop
  endfacet
  facet normal 0.427556 0.903989 0
    outer loop
      vertex -2.82838 -5.29153 128
      vertex -2.2961 -5.54328 125
      vertex -2.82838 -5.29153 125
    endloop
  endfacet
  facet normal -0.427556 -0.903989 0
    outer loop
      vertex -2.82838 -5.29153 5
      vertex -2.2961 -5.54328 120
      vertex -2.82838 -5.29153 120
    endloop
  endfacet
  facet normal -0.427556 -0.903989 -0
    outer loop
      vertex -2.2961 -5.54328 120
      vertex -2.82838 -5.29153 5
      vertex -2.2961 -5.54328 5
    endloop
  endfacet
  facet normal -0.595703 -0.803204 0
    outer loop
      vertex -3.80636 -4.63806 5
      vertex -3.33342 -4.98882 120
      vertex -3.80636 -4.63806 120
    endloop
  endfacet
  facet normal -0.595703 -0.803204 -0
    outer loop
      vertex -3.33342 -4.98882 120
      vertex -3.80636 -4.63806 5
      vertex -3.33342 -4.98882 5
    endloop
  endfacet
  facet normal 0.595703 0.803204 -0
    outer loop
      vertex -3.33342 -4.98882 125
      vertex -3.80636 -4.63806 128
      vertex -3.33342 -4.98882 128
    endloop
  endfacet
  facet normal 0.595703 0.803204 0
    outer loop
      vertex -3.80636 -4.63806 128
      vertex -3.33342 -4.98882 125
      vertex -3.80636 -4.63806 125
    endloop
  endfacet
  facet normal -0.998796 0.049065 0
    outer loop
      vertex 5.97111 -0.588102 125
      vertex 6 0 128
      vertex 6 0 125
    endloop
  endfacet
  facet normal -0.998796 0.049065 0
    outer loop
      vertex 6 0 128
      vertex 5.97111 -0.588102 125
      vertex 5.97111 -0.588102 128
    endloop
  endfacet
  facet normal 0.998796 -0.049065 0
    outer loop
      vertex 5.97111 -0.588102 120
      vertex 6 0 5
      vertex 6 0 120
    endloop
  endfacet
  facet normal 0.998796 -0.049065 0
    outer loop
      vertex 6 0 5
      vertex 5.97111 -0.588102 120
      vertex 5.97111 -0.588102 5
    endloop
  endfacet
  facet normal -0.970032 -0.242979 0
    outer loop
      vertex 5.88471 1.17054 125
      vertex 5.74164 1.74171 128
      vertex 5.74164 1.74171 125
    endloop
  endfacet
  facet normal -0.970032 -0.242979 0
    outer loop
      vertex 5.74164 1.74171 128
      vertex 5.88471 1.17054 125
      vertex 5.88471 1.17054 128
    endloop
  endfacet
  facet normal 0.970032 0.242979 0
    outer loop
      vertex 5.88471 1.17054 120
      vertex 5.74164 1.74171 5
      vertex 5.74164 1.74171 120
    endloop
  endfacet
  facet normal 0.970032 0.242979 0
    outer loop
      vertex 5.74164 1.74171 5
      vertex 5.88471 1.17054 120
      vertex 5.88471 1.17054 5
    endloop
  endfacet
  facet normal -0.989176 0.146736 0
    outer loop
      vertex -5.97111 0.588102 5
      vertex -5.88471 1.17054 120
      vertex -5.88471 1.17054 5
    endloop
  endfacet
  facet normal -0.989176 0.146736 0
    outer loop
      vertex -5.88471 1.17054 120
      vertex -5.97111 0.588102 5
      vertex -5.97111 0.588102 120
    endloop
  endfacet
  facet normal 0.989176 -0.146736 0
    outer loop
      vertex -5.97111 0.588102 128
      vertex -5.88471 1.17054 125
      vertex -5.88471 1.17054 128
    endloop
  endfacet
  facet normal 0.989176 -0.146736 0
    outer loop
      vertex -5.88471 1.17054 125
      vertex -5.97111 0.588102 128
      vertex -5.97111 0.588102 125
    endloop
  endfacet
  facet normal -0.146736 0.989176 0
    outer loop
      vertex -0.588102 5.97111 5
      vertex -1.17054 5.88471 120
      vertex -0.588102 5.97111 120
    endloop
  endfacet
  facet normal -0.146736 0.989176 0
    outer loop
      vertex -1.17054 5.88471 120
      vertex -0.588102 5.97111 5
      vertex -1.17054 5.88471 5
    endloop
  endfacet
  facet normal 0.146736 -0.989176 0
    outer loop
      vertex -1.17054 5.88471 125
      vertex -0.588102 5.97111 128
      vertex -1.17054 5.88471 128
    endloop
  endfacet
  facet normal 0.146736 -0.989176 0
    outer loop
      vertex -0.588102 5.97111 128
      vertex -1.17054 5.88471 125
      vertex -0.588102 5.97111 125
    endloop
  endfacet
  facet normal -0.970032 0.242979 0
    outer loop
      vertex -5.88471 1.17054 5
      vertex -5.74164 1.74171 120
      vertex -5.74164 1.74171 5
    endloop
  endfacet
  facet normal -0.970032 0.242979 0
    outer loop
      vertex -5.74164 1.74171 120
      vertex -5.88471 1.17054 5
      vertex -5.88471 1.17054 120
    endloop
  endfacet
  facet normal 0.970032 -0.242979 0
    outer loop
      vertex -5.88471 1.17054 128
      vertex -5.74164 1.74171 125
      vertex -5.74164 1.74171 128
    endloop
  endfacet
  facet normal 0.970032 -0.242979 0
    outer loop
      vertex -5.74164 1.74171 125
      vertex -5.88471 1.17054 128
      vertex -5.88471 1.17054 125
    endloop
  endfacet
  facet normal 0.336884 0.941546 -0
    outer loop
      vertex 2.2961 5.54328 5
      vertex 1.74171 5.74164 120
      vertex 2.2961 5.54328 120
    endloop
  endfacet
  facet normal 0.336884 0.941546 0
    outer loop
      vertex 1.74171 5.74164 120
      vertex 2.2961 5.54328 5
      vertex 1.74171 5.74164 5
    endloop
  endfacet
  facet normal -0.336884 -0.941546 0
    outer loop
      vertex 1.74171 5.74164 125
      vertex 2.2961 5.54328 128
      vertex 1.74171 5.74164 128
    endloop
  endfacet
  facet normal -0.336884 -0.941546 -0
    outer loop
      vertex 2.2961 5.54328 128
      vertex 1.74171 5.74164 125
      vertex 2.2961 5.54328 125
    endloop
  endfacet
  facet normal -0.941546 0.336884 0
    outer loop
      vertex -5.74164 1.74171 5
      vertex -5.54328 2.2961 120
      vertex -5.54328 2.2961 5
    endloop
  endfacet
  facet normal -0.941546 0.336884 0
    outer loop
      vertex -5.54328 2.2961 120
      vertex -5.74164 1.74171 5
      vertex -5.74164 1.74171 120
    endloop
  endfacet
  facet normal 0.941546 -0.336884 0
    outer loop
      vertex -5.74164 1.74171 128
      vertex -5.54328 2.2961 125
      vertex -5.54328 2.2961 128
    endloop
  endfacet
  facet normal 0.941546 -0.336884 0
    outer loop
      vertex -5.54328 2.2961 125
      vertex -5.74164 1.74171 128
      vertex -5.74164 1.74171 125
    endloop
  endfacet
  facet normal -0.514104 0.857728 0
    outer loop
      vertex 3.33342 -4.98882 125
      vertex 2.82838 -5.29153 128
      vertex 3.33342 -4.98882 128
    endloop
  endfacet
  facet normal -0.514104 0.857728 0
    outer loop
      vertex 2.82838 -5.29153 128
      vertex 3.33342 -4.98882 125
      vertex 2.82838 -5.29153 125
    endloop
  endfacet
  facet normal 0.514104 -0.857728 0
    outer loop
      vertex 2.82838 -5.29153 5
      vertex 3.33342 -4.98882 120
      vertex 2.82838 -5.29153 120
    endloop
  endfacet
  facet normal 0.514104 -0.857728 0
    outer loop
      vertex 3.33342 -4.98882 120
      vertex 2.82838 -5.29153 5
      vertex 3.33342 -4.98882 5
    endloop
  endfacet
  facet normal -0.671558 -0.740952 0
    outer loop
      vertex 3.80636 4.63806 125
      vertex 4.24264 4.24264 128
      vertex 3.80636 4.63806 128
    endloop
  endfacet
  facet normal -0.671558 -0.740952 -0
    outer loop
      vertex 4.24264 4.24264 128
      vertex 3.80636 4.63806 125
      vertex 4.24264 4.24264 125
    endloop
  endfacet
  facet normal 0.671558 0.740952 -0
    outer loop
      vertex 4.24264 4.24264 5
      vertex 3.80636 4.63806 120
      vertex 4.24264 4.24264 120
    endloop
  endfacet
  facet normal 0.671558 0.740952 0
    outer loop
      vertex 3.80636 4.63806 120
      vertex 4.24264 4.24264 5
      vertex 3.80636 4.63806 5
    endloop
  endfacet
  facet normal -0.049065 0.998796 0
    outer loop
      vertex 0.588102 -5.97111 125
      vertex 0 -6 128
      vertex 0.588102 -5.97111 128
    endloop
  endfacet
  facet normal -0.049065 0.998796 0
    outer loop
      vertex 0 -6 128
      vertex 0.588102 -5.97111 125
      vertex 0 -6 125
    endloop
  endfacet
  facet normal 0.049065 -0.998796 0
    outer loop
      vertex 0 -6 5
      vertex 0.588102 -5.97111 120
      vertex 0 -6 120
    endloop
  endfacet
  facet normal 0.049065 -0.998796 0
    outer loop
      vertex 0.588102 -5.97111 120
      vertex 0 -6 5
      vertex 0.588102 -5.97111 5
    endloop
  endfacet
  facet normal -0.595703 0.803204 0
    outer loop
      vertex -3.33342 4.98882 5
      vertex -3.80636 4.63806 120
      vertex -3.33342 4.98882 120
    endloop
  endfacet
  facet normal -0.595703 0.803204 0
    outer loop
      vertex -3.80636 4.63806 120
      vertex -3.33342 4.98882 5
      vertex -3.80636 4.63806 5
    endloop
  endfacet
  facet normal 0.595703 -0.803204 0
    outer loop
      vertex -3.80636 4.63806 125
      vertex -3.33342 4.98882 128
      vertex -3.80636 4.63806 128
    endloop
  endfacet
  facet normal 0.595703 -0.803204 0
    outer loop
      vertex -3.33342 4.98882 128
      vertex -3.80636 4.63806 125
      vertex -3.33342 4.98882 125
    endloop
  endfacet
  facet normal -0.595703 0.803204 0
    outer loop
      vertex 3.80636 -4.63806 125
      vertex 3.33342 -4.98882 128
      vertex 3.80636 -4.63806 128
    endloop
  endfacet
  facet normal -0.595703 0.803204 0
    outer loop
      vertex 3.33342 -4.98882 128
      vertex 3.80636 -4.63806 125
      vertex 3.33342 -4.98882 125
    endloop
  endfacet
  facet normal 0.595703 -0.803204 0
    outer loop
      vertex 3.33342 -4.98882 5
      vertex 3.80636 -4.63806 120
      vertex 3.33342 -4.98882 120
    endloop
  endfacet
  facet normal 0.595703 -0.803204 0
    outer loop
      vertex 3.80636 -4.63806 120
      vertex 3.33342 -4.98882 5
      vertex 3.80636 -4.63806 5
    endloop
  endfacet
  facet normal -0.998796 -0.049065 0
    outer loop
      vertex -5.97111 -0.588102 5
      vertex -6 0 120
      vertex -6 0 5
    endloop
  endfacet
  facet normal -0.998796 -0.049065 0
    outer loop
      vertex -6 0 120
      vertex -5.97111 -0.588102 5
      vertex -5.97111 -0.588102 120
    endloop
  endfacet
  facet normal 0.998796 0.049065 0
    outer loop
      vertex -5.97111 -0.588102 128
      vertex -6 0 125
      vertex -6 0 128
    endloop
  endfacet
  facet normal 0.998796 0.049065 0
    outer loop
      vertex -6 0 125
      vertex -5.97111 -0.588102 128
      vertex -5.97111 -0.588102 125
    endloop
  endfacet
  facet normal -0.903989 0.427556 0
    outer loop
      vertex -5.54328 2.2961 5
      vertex -5.29153 2.82838 120
      vertex -5.29153 2.82838 5
    endloop
  endfacet
  facet normal -0.903989 0.427556 0
    outer loop
      vertex -5.29153 2.82838 120
      vertex -5.54328 2.2961 5
      vertex -5.54328 2.2961 120
    endloop
  endfacet
  facet normal 0.903989 -0.427556 0
    outer loop
      vertex -5.54328 2.2961 128
      vertex -5.29153 2.82838 125
      vertex -5.29153 2.82838 128
    endloop
  endfacet
  facet normal 0.903989 -0.427556 0
    outer loop
      vertex -5.29153 2.82838 125
      vertex -5.54328 2.2961 128
      vertex -5.54328 2.2961 125
    endloop
  endfacet
  facet normal -0.146736 -0.989176 0
    outer loop
      vertex -1.17054 -5.88471 5
      vertex -0.588102 -5.97111 120
      vertex -1.17054 -5.88471 120
    endloop
  endfacet
  facet normal -0.146736 -0.989176 -0
    outer loop
      vertex -0.588102 -5.97111 120
      vertex -1.17054 -5.88471 5
      vertex -0.588102 -5.97111 5
    endloop
  endfacet
  facet normal 0.146736 0.989176 -0
    outer loop
      vertex -0.588102 -5.97111 125
      vertex -1.17054 -5.88471 128
      vertex -0.588102 -5.97111 128
    endloop
  endfacet
  facet normal 0.146736 0.989176 0
    outer loop
      vertex -1.17054 -5.88471 128
      vertex -0.588102 -5.97111 125
      vertex -1.17054 -5.88471 125
    endloop
  endfacet
  facet normal 0.146736 0.989176 -0
    outer loop
      vertex 1.17054 5.88471 5
      vertex 0.588102 5.97111 120
      vertex 1.17054 5.88471 120
    endloop
  endfacet
  facet normal 0.146736 0.989176 0
    outer loop
      vertex 0.588102 5.97111 120
      vertex 1.17054 5.88471 5
      vertex 0.588102 5.97111 5
    endloop
  endfacet
  facet normal -0.146736 -0.989176 0
    outer loop
      vertex 0.588102 5.97111 125
      vertex 1.17054 5.88471 128
      vertex 0.588102 5.97111 128
    endloop
  endfacet
  facet normal -0.146736 -0.989176 -0
    outer loop
      vertex 1.17054 5.88471 128
      vertex 0.588102 5.97111 125
      vertex 1.17054 5.88471 125
    endloop
  endfacet
  facet normal 0.049065 0.998796 -0
    outer loop
      vertex 0.588102 5.97111 5
      vertex 0 6 120
      vertex 0.588102 5.97111 120
    endloop
  endfacet
  facet normal 0.049065 0.998796 0
    outer loop
      vertex 0 6 120
      vertex 0.588102 5.97111 5
      vertex 0 6 5
    endloop
  endfacet
  facet normal -0.049065 -0.998796 0
    outer loop
      vertex 0 6 125
      vertex 0.588102 5.97111 128
      vertex 0 6 128
    endloop
  endfacet
  facet normal -0.049065 -0.998796 -0
    outer loop
      vertex 0.588102 5.97111 128
      vertex 0 6 125
      vertex 0.588102 5.97111 125
    endloop
  endfacet
  facet normal -0.427556 -0.903989 0
    outer loop
      vertex 2.2961 5.54328 125
      vertex 2.82838 5.29153 128
      vertex 2.2961 5.54328 128
    endloop
  endfacet
  facet normal -0.427556 -0.903989 -0
    outer loop
      vertex 2.82838 5.29153 128
      vertex 2.2961 5.54328 125
      vertex 2.82838 5.29153 125
    endloop
  endfacet
  facet normal 0.427556 0.903989 -0
    outer loop
      vertex 2.82838 5.29153 5
      vertex 2.2961 5.54328 120
      vertex 2.82838 5.29153 120
    endloop
  endfacet
  facet normal 0.427556 0.903989 0
    outer loop
      vertex 2.2961 5.54328 120
      vertex 2.82838 5.29153 5
      vertex 2.2961 5.54328 5
    endloop
  endfacet
  facet normal 0.595703 0.803204 -0
    outer loop
      vertex 3.80636 4.63806 5
      vertex 3.33342 4.98882 120
      vertex 3.80636 4.63806 120
    endloop
  endfacet
  facet normal 0.595703 0.803204 0
    outer loop
      vertex 3.33342 4.98882 120
      vertex 3.80636 4.63806 5
      vertex 3.33342 4.98882 5
    endloop
  endfacet
  facet normal -0.595703 -0.803204 0
    outer loop
      vertex 3.33342 4.98882 125
      vertex 3.80636 4.63806 128
      vertex 3.33342 4.98882 128
    endloop
  endfacet
  facet normal -0.595703 -0.803204 -0
    outer loop
      vertex 3.80636 4.63806 128
      vertex 3.33342 4.98882 125
      vertex 3.80636 4.63806 125
    endloop
  endfacet
  facet normal -0.242979 -0.970032 0
    outer loop
      vertex 1.17054 5.88471 125
      vertex 1.74171 5.74164 128
      vertex 1.17054 5.88471 128
    endloop
  endfacet
  facet normal -0.242979 -0.970032 -0
    outer loop
      vertex 1.74171 5.74164 128
      vertex 1.17054 5.88471 125
      vertex 1.74171 5.74164 125
    endloop
  endfacet
  facet normal 0.242979 0.970032 -0
    outer loop
      vertex 1.74171 5.74164 5
      vertex 1.17054 5.88471 120
      vertex 1.74171 5.74164 120
    endloop
  endfacet
  facet normal 0.242979 0.970032 0
    outer loop
      vertex 1.17054 5.88471 120
      vertex 1.74171 5.74164 5
      vertex 1.17054 5.88471 5
    endloop
  endfacet
  facet normal 0.903989 -0.427556 0
    outer loop
      vertex 5.29153 -2.82838 120
      vertex 5.54328 -2.2961 5
      vertex 5.54328 -2.2961 120
    endloop
  endfacet
  facet normal 0.903989 -0.427556 0
    outer loop
      vertex 5.54328 -2.2961 5
      vertex 5.29153 -2.82838 120
      vertex 5.29153 -2.82838 5
    endloop
  endfacet
  facet normal -0.903989 0.427556 0
    outer loop
      vertex 5.29153 -2.82838 125
      vertex 5.54328 -2.2961 128
      vertex 5.54328 -2.2961 125
    endloop
  endfacet
  facet normal -0.903989 0.427556 0
    outer loop
      vertex 5.54328 -2.2961 128
      vertex 5.29153 -2.82838 125
      vertex 5.29153 -2.82838 128
    endloop
  endfacet
  facet normal 0.049065 0.998796 -0
    outer loop
      vertex 0 -6 125
      vertex -0.588102 -5.97111 128
      vertex 0 -6 128
    endloop
  endfacet
  facet normal 0.049065 0.998796 0
    outer loop
      vertex -0.588102 -5.97111 128
      vertex 0 -6 125
      vertex -0.588102 -5.97111 125
    endloop
  endfacet
  facet normal -0.049065 -0.998796 0
    outer loop
      vertex -0.588102 -5.97111 5
      vertex 0 -6 120
      vertex -0.588102 -5.97111 120
    endloop
  endfacet
  facet normal -0.049065 -0.998796 -0
    outer loop
      vertex 0 -6 120
      vertex -0.588102 -5.97111 5
      vertex 0 -6 5
    endloop
  endfacet
  facet normal -0.998796 0.049065 0
    outer loop
      vertex -6 0 5
      vertex -5.97111 0.588102 120
      vertex -5.97111 0.588102 5
    endloop
  endfacet
  facet normal -0.998796 0.049065 0
    outer loop
      vertex -5.97111 0.588102 120
      vertex -6 0 5
      vertex -6 0 120
    endloop
  endfacet
  facet normal 0.998796 -0.049065 0
    outer loop
      vertex -6 0 128
      vertex -5.97111 0.588102 125
      vertex -5.97111 0.588102 128
    endloop
  endfacet
  facet normal 0.998796 -0.049065 0
    outer loop
      vertex -5.97111 0.588102 125
      vertex -6 0 128
      vertex -6 0 125
    endloop
  endfacet
  facet normal -0.514104 -0.857728 0
    outer loop
      vertex 2.82838 5.29153 125
      vertex 3.33342 4.98882 128
      vertex 2.82838 5.29153 128
    endloop
  endfacet
  facet normal -0.514104 -0.857728 -0
    outer loop
      vertex 3.33342 4.98882 128
      vertex 2.82838 5.29153 125
      vertex 3.33342 4.98882 125
    endloop
  endfacet
  facet normal 0.514104 0.857728 -0
    outer loop
      vertex 3.33342 4.98882 5
      vertex 2.82838 5.29153 120
      vertex 3.33342 4.98882 120
    endloop
  endfacet
  facet normal 0.514104 0.857728 0
    outer loop
      vertex 2.82838 5.29153 120
      vertex 3.33342 4.98882 5
      vertex 2.82838 5.29153 5
    endloop
  endfacet
  facet normal -0.671558 0.740952 0
    outer loop
      vertex -3.80636 4.63806 5
      vertex -4.24264 4.24264 120
      vertex -3.80636 4.63806 120
    endloop
  endfacet
  facet normal -0.671558 0.740952 0
    outer loop
      vertex -4.24264 4.24264 120
      vertex -3.80636 4.63806 5
      vertex -4.24264 4.24264 5
    endloop
  endfacet
  facet normal 0.671558 -0.740952 0
    outer loop
      vertex -4.24264 4.24264 125
      vertex -3.80636 4.63806 128
      vertex -4.24264 4.24264 128
    endloop
  endfacet
  facet normal 0.671558 -0.740952 0
    outer loop
      vertex -3.80636 4.63806 128
      vertex -4.24264 4.24264 125
      vertex -3.80636 4.63806 125
    endloop
  endfacet
  facet normal 0.514104 0.857728 -0
    outer loop
      vertex -2.82838 -5.29153 125
      vertex -3.33342 -4.98882 128
      vertex -2.82838 -5.29153 128
    endloop
  endfacet
  facet normal 0.514104 0.857728 0
    outer loop
      vertex -3.33342 -4.98882 128
      vertex -2.82838 -5.29153 125
      vertex -3.33342 -4.98882 125
    endloop
  endfacet
  facet normal -0.514104 -0.857728 0
    outer loop
      vertex -3.33342 -4.98882 5
      vertex -2.82838 -5.29153 120
      vertex -3.33342 -4.98882 120
    endloop
  endfacet
  facet normal -0.514104 -0.857728 -0
    outer loop
      vertex -2.82838 -5.29153 120
      vertex -3.33342 -4.98882 5
      vertex -2.82838 -5.29153 5
    endloop
  endfacet
  facet normal 0.336884 0.941546 -0
    outer loop
      vertex -1.74171 -5.74164 125
      vertex -2.2961 -5.54328 128
      vertex -1.74171 -5.74164 128
    endloop
  endfacet
  facet normal 0.336884 0.941546 0
    outer loop
      vertex -2.2961 -5.54328 128
      vertex -1.74171 -5.74164 125
      vertex -2.2961 -5.54328 125
    endloop
  endfacet
  facet normal -0.336884 -0.941546 0
    outer loop
      vertex -2.2961 -5.54328 5
      vertex -1.74171 -5.74164 120
      vertex -2.2961 -5.54328 120
    endloop
  endfacet
  facet normal -0.336884 -0.941546 -0
    outer loop
      vertex -1.74171 -5.74164 120
      vertex -2.2961 -5.54328 5
      vertex -1.74171 -5.74164 5
    endloop
  endfacet
  facet normal -0.242979 0.970032 0
    outer loop
      vertex -1.17054 5.88471 5
      vertex -1.74171 5.74164 120
      vertex -1.17054 5.88471 120
    endloop
  endfacet
  facet normal -0.242979 0.970032 0
    outer loop
      vertex -1.74171 5.74164 120
      vertex -1.17054 5.88471 5
      vertex -1.74171 5.74164 5
    endloop
  endfacet
  facet normal 0.242979 -0.970032 0
    outer loop
      vertex -1.74171 5.74164 125
      vertex -1.17054 5.88471 128
      vertex -1.74171 5.74164 128
    endloop
  endfacet
  facet normal 0.242979 -0.970032 0
    outer loop
      vertex -1.17054 5.88471 128
      vertex -1.74171 5.74164 125
      vertex -1.17054 5.88471 125
    endloop
  endfacet
  facet normal 0.941546 0.336884 0
    outer loop
      vertex -5.54328 -2.2961 128
      vertex -5.74164 -1.74171 125
      vertex -5.74164 -1.74171 128
    endloop
  endfacet
  facet normal 0.941546 0.336884 0
    outer loop
      vertex -5.74164 -1.74171 125
      vertex -5.54328 -2.2961 128
      vertex -5.54328 -2.2961 125
    endloop
  endfacet
  facet normal -0.941546 -0.336884 0
    outer loop
      vertex -5.54328 -2.2961 5
      vertex -5.74164 -1.74171 120
      vertex -5.74164 -1.74171 5
    endloop
  endfacet
  facet normal -0.941546 -0.336884 0
    outer loop
      vertex -5.74164 -1.74171 120
      vertex -5.54328 -2.2961 5
      vertex -5.54328 -2.2961 120
    endloop
  endfacet
  facet normal -0.671558 0.740952 0
    outer loop
      vertex 4.24264 -4.24264 125
      vertex 3.80636 -4.63806 128
      vertex 4.24264 -4.24264 128
    endloop
  endfacet
  facet normal -0.671558 0.740952 0
    outer loop
      vertex 3.80636 -4.63806 128
      vertex 4.24264 -4.24264 125
      vertex 3.80636 -4.63806 125
    endloop
  endfacet
  facet normal 0.671558 -0.740952 0
    outer loop
      vertex 3.80636 -4.63806 5
      vertex 4.24264 -4.24264 120
      vertex 3.80636 -4.63806 120
    endloop
  endfacet
  facet normal 0.671558 -0.740952 0
    outer loop
      vertex 4.24264 -4.24264 120
      vertex 3.80636 -4.63806 5
      vertex 4.24264 -4.24264 5
    endloop
  endfacet
  facet normal -0.970032 0.242979 0
    outer loop
      vertex 5.74164 -1.74171 125
      vertex 5.88471 -1.17054 128
      vertex 5.88471 -1.17054 125
    endloop
  endfacet
  facet normal -0.970032 0.242979 0
    outer loop
      vertex 5.88471 -1.17054 128
      vertex 5.74164 -1.74171 125
      vertex 5.74164 -1.74171 128
    endloop
  endfacet
  facet normal 0.970032 -0.242979 0
    outer loop
      vertex 5.74164 -1.74171 120
      vertex 5.88471 -1.17054 5
      vertex 5.88471 -1.17054 120
    endloop
  endfacet
  facet normal 0.970032 -0.242979 0
    outer loop
      vertex 5.88471 -1.17054 5
      vertex 5.74164 -1.74171 120
      vertex 5.74164 -1.74171 5
    endloop
  endfacet
  facet normal -0.671558 -0.740952 0
    outer loop
      vertex -4.24264 -4.24264 5
      vertex -3.80636 -4.63806 120
      vertex -4.24264 -4.24264 120
    endloop
  endfacet
  facet normal -0.671558 -0.740952 -0
    outer loop
      vertex -3.80636 -4.63806 120
      vertex -4.24264 -4.24264 5
      vertex -3.80636 -4.63806 5
    endloop
  endfacet
  facet normal 0.671558 0.740952 -0
    outer loop
      vertex -3.80636 -4.63806 125
      vertex -4.24264 -4.24264 128
      vertex -3.80636 -4.63806 128
    endloop
  endfacet
  facet normal 0.671558 0.740952 0
    outer loop
      vertex -4.24264 -4.24264 128
      vertex -3.80636 -4.63806 125
      vertex -4.24264 -4.24264 125
    endloop
  endfacet
  facet normal -0.989176 -0.146736 0
    outer loop
      vertex -5.88471 -1.17054 5
      vertex -5.97111 -0.588102 120
      vertex -5.97111 -0.588102 5
    endloop
  endfacet
  facet normal -0.989176 -0.146736 0
    outer loop
      vertex -5.97111 -0.588102 120
      vertex -5.88471 -1.17054 5
      vertex -5.88471 -1.17054 120
    endloop
  endfacet
  facet normal 0.989176 0.146736 0
    outer loop
      vertex -5.88471 -1.17054 128
      vertex -5.97111 -0.588102 125
      vertex -5.97111 -0.588102 128
    endloop
  endfacet
  facet normal 0.989176 0.146736 0
    outer loop
      vertex -5.97111 -0.588102 125
      vertex -5.88471 -1.17054 128
      vertex -5.88471 -1.17054 125
    endloop
  endfacet
  facet normal -0.336884 0.941546 0
    outer loop
      vertex 2.2961 -5.54328 125
      vertex 1.74171 -5.74164 128
      vertex 2.2961 -5.54328 128
    endloop
  endfacet
  facet normal -0.336884 0.941546 0
    outer loop
      vertex 1.74171 -5.74164 128
      vertex 2.2961 -5.54328 125
      vertex 1.74171 -5.74164 125
    endloop
  endfacet
  facet normal 0.336884 -0.941546 0
    outer loop
      vertex 1.74171 -5.74164 5
      vertex 2.2961 -5.54328 120
      vertex 1.74171 -5.74164 120
    endloop
  endfacet
  facet normal 0.336884 -0.941546 0
    outer loop
      vertex 2.2961 -5.54328 120
      vertex 1.74171 -5.74164 5
      vertex 2.2961 -5.54328 5
    endloop
  endfacet
  facet normal 0.803204 -0.595703 0
    outer loop
      vertex -4.98882 3.33342 128
      vertex -4.63806 3.80636 125
      vertex -4.63806 3.80636 128
    endloop
  endfacet
  facet normal 0.803204 -0.595703 0
    outer loop
      vertex -4.63806 3.80636 125
      vertex -4.98882 3.33342 128
      vertex -4.98882 3.33342 125
    endloop
  endfacet
  facet normal -0.803204 0.595703 0
    outer loop
      vertex -4.98882 3.33342 5
      vertex -4.63806 3.80636 120
      vertex -4.63806 3.80636 5
    endloop
  endfacet
  facet normal -0.803204 0.595703 0
    outer loop
      vertex -4.63806 3.80636 120
      vertex -4.98882 3.33342 5
      vertex -4.98882 3.33342 120
    endloop
  endfacet
  facet normal 0.427556 -0.903989 0
    outer loop
      vertex 2.2961 -5.54328 5
      vertex 2.82838 -5.29153 120
      vertex 2.2961 -5.54328 120
    endloop
  endfacet
  facet normal 0.427556 -0.903989 0
    outer loop
      vertex 2.82838 -5.29153 120
      vertex 2.2961 -5.54328 5
      vertex 2.82838 -5.29153 5
    endloop
  endfacet
  facet normal -0.427556 0.903989 0
    outer loop
      vertex 2.82838 -5.29153 125
      vertex 2.2961 -5.54328 128
      vertex 2.82838 -5.29153 128
    endloop
  endfacet
  facet normal -0.427556 0.903989 0
    outer loop
      vertex 2.2961 -5.54328 128
      vertex 2.82838 -5.29153 125
      vertex 2.2961 -5.54328 125
    endloop
  endfacet
  facet normal -0.740952 0.671558 0
    outer loop
      vertex -4.63806 3.80636 5
      vertex -4.24264 4.24264 120
      vertex -4.24264 4.24264 5
    endloop
  endfacet
  facet normal -0.740952 0.671558 0
    outer loop
      vertex -4.24264 4.24264 120
      vertex -4.63806 3.80636 5
      vertex -4.63806 3.80636 120
    endloop
  endfacet
  facet normal 0.740952 -0.671558 0
    outer loop
      vertex -4.63806 3.80636 128
      vertex -4.24264 4.24264 125
      vertex -4.24264 4.24264 128
    endloop
  endfacet
  facet normal 0.740952 -0.671558 0
    outer loop
      vertex -4.24264 4.24264 125
      vertex -4.63806 3.80636 128
      vertex -4.63806 3.80636 125
    endloop
  endfacet
  facet normal -0.427556 0.903989 0
    outer loop
      vertex -2.2961 5.54328 5
      vertex -2.82838 5.29153 120
      vertex -2.2961 5.54328 120
    endloop
  endfacet
  facet normal -0.427556 0.903989 0
    outer loop
      vertex -2.82838 5.29153 120
      vertex -2.2961 5.54328 5
      vertex -2.82838 5.29153 5
    endloop
  endfacet
  facet normal 0.427556 -0.903989 0
    outer loop
      vertex -2.82838 5.29153 125
      vertex -2.2961 5.54328 128
      vertex -2.82838 5.29153 128
    endloop
  endfacet
  facet normal 0.427556 -0.903989 0
    outer loop
      vertex -2.2961 5.54328 128
      vertex -2.82838 5.29153 125
      vertex -2.2961 5.54328 125
    endloop
  endfacet
  facet normal -0.857728 0.514104 0
    outer loop
      vertex -5.29153 2.82838 5
      vertex -4.98882 3.33342 120
      vertex -4.98882 3.33342 5
    endloop
  endfacet
  facet normal -0.857728 0.514104 0
    outer loop
      vertex -4.98882 3.33342 120
      vertex -5.29153 2.82838 5
      vertex -5.29153 2.82838 120
    endloop
  endfacet
  facet normal 0.857728 -0.514104 0
    outer loop
      vertex -5.29153 2.82838 128
      vertex -4.98882 3.33342 125
      vertex -4.98882 3.33342 128
    endloop
  endfacet
  facet normal 0.857728 -0.514104 0
    outer loop
      vertex -4.98882 3.33342 125
      vertex -5.29153 2.82838 128
      vertex -5.29153 2.82838 125
    endloop
  endfacet
  facet normal 0 0 -1
    outer loop
      vertex 5.97111 -0.588102 5
      vertex 5.97111 0.588102 5
      vertex 6 0 5
    endloop
  endfacet
  facet normal 0 0 -1
    outer loop
      vertex 5.88471 -1.17054 5
      vertex 5.97111 0.588102 5
      vertex 5.97111 -0.588102 5
    endloop
  endfacet
  facet normal 0 0 -1
    outer loop
      vertex 5.88471 -1.17054 5
      vertex 5.88471 1.17054 5
      vertex 5.97111 0.588102 5
    endloop
  endfacet
  facet normal 0 0 -1
    outer loop
      vertex 5.74164 -1.74171 5
      vertex 5.88471 1.17054 5
      vertex 5.88471 -1.17054 5
    endloop
  endfacet
  facet normal 0 0 -1
    outer loop
      vertex 5.74164 -1.74171 5
      vertex 5.74164 1.74171 5
      vertex 5.88471 1.17054 5
    endloop
  endfacet
  facet normal 0 0 -1
    outer loop
      vertex 5.54328 -2.2961 5
      vertex 5.74164 1.74171 5
      vertex 5.74164 -1.74171 5
    endloop
  endfacet
  facet normal 0 0 -1
    outer loop
      vertex 5.54328 -2.2961 5
      vertex 5.54328 2.2961 5
      vertex 5.74164 1.74171 5
    endloop
  endfacet
  facet normal 0 0 -1
    outer loop
      vertex 5.29153 -2.82838 5
      vertex 5.54328 2.2961 5
      vertex 5.54328 -2.2961 5
    endloop
  endfacet
  facet normal 0 0 -1
    outer loop
      vertex 5.29153 -2.82838 5
      vertex 5.29153 2.82838 5
      vertex 5.54328 2.2961 5
    endloop
  endfacet
  facet normal 0 0 -1
    outer loop
      vertex 4.98882 -3.33342 5
      vertex 5.29153 2.82838 5
      vertex 5.29153 -2.82838 5
    endloop
  endfacet
  facet normal 0 0 -1
    outer loop
      vertex 4.98882 -3.33342 5
      vertex 4.98882 3.33342 5
      vertex 5.29153 2.82838 5
    endloop
  endfacet
  facet normal 0 0 -1
    outer loop
      vertex 4.63806 -3.80636 5
      vertex 4.98882 3.33342 5
      vertex 4.98882 -3.33342 5
    endloop
  endfacet
  facet normal 0 0 -1
    outer loop
      vertex 4.63806 -3.80636 5
      vertex 4.63806 3.80636 5
      vertex 4.98882 3.33342 5
    endloop
  endfacet
  facet normal 0 0 -1
    outer loop
      vertex 4.24264 -4.24264 5
      vertex 4.63806 3.80636 5
      vertex 4.63806 -3.80636 5
    endloop
  endfacet
  facet normal 0 0 -1
    outer loop
      vertex 4.24264 -4.24264 5
      vertex 4.24264 4.24264 5
      vertex 4.63806 3.80636 5
    endloop
  endfacet
  facet normal 0 0 -1
    outer loop
      vertex 3.80636 -4.63806 5
      vertex 4.24264 4.24264 5
      vertex 4.24264 -4.24264 5
    endloop
  endfacet
  facet normal 0 0 -1
    outer loop
      vertex 3.80636 -4.63806 5
      vertex 3.80636 4.63806 5
      vertex 4.24264 4.24264 5
    endloop
  endfacet
  facet normal 0 0 -1
    outer loop
      vertex 3.33342 -4.98882 5
      vertex 3.80636 4.63806 5
      vertex 3.80636 -4.63806 5
    endloop
  endfacet
  facet normal 0 0 -1
    outer loop
      vertex 3.33342 -4.98882 5
      vertex 3.33342 4.98882 5
      vertex 3.80636 4.63806 5
    endloop
  endfacet
  facet normal 0 0 -1
    outer loop
      vertex 2.82838 -5.29153 5
      vertex 3.33342 4.98882 5
      vertex 3.33342 -4.98882 5
    endloop
  endfacet
  facet normal 0 0 -1
    outer loop
      vertex 2.82838 -5.29153 5
      vertex 2.82838 5.29153 5
      vertex 3.33342 4.98882 5
    endloop
  endfacet
  facet normal 0 0 -1
    outer loop
      vertex 2.2961 -5.54328 5
      vertex 2.82838 5.29153 5
      vertex 2.82838 -5.29153 5
    endloop
  endfacet
  facet normal 0 0 -1
    outer loop
      vertex 2.2961 -5.54328 5
      vertex 2.2961 5.54328 5
      vertex 2.82838 5.29153 5
    endloop
  endfacet
  facet normal 0 0 -1
    outer loop
      vertex 1.74171 -5.74164 5
      vertex 2.2961 5.54328 5
      vertex 2.2961 -5.54328 5
    endloop
  endfacet
  facet normal 0 0 -1
    outer loop
      vertex 1.74171 -5.74164 5
      vertex 1.74171 5.74164 5
      vertex 2.2961 5.54328 5
    endloop
  endfacet
  facet normal 0 0 -1
    outer loop
      vertex 1.17054 -5.88471 5
      vertex 1.74171 5.74164 5
      vertex 1.74171 -5.74164 5
    endloop
  endfacet
  facet normal 0 0 -1
    outer loop
      vertex 1.17054 -5.88471 5
      vertex 1.17054 5.88471 5
      vertex 1.74171 5.74164 5
    endloop
  endfacet
  facet normal 0 0 -1
    outer loop
      vertex 0.588102 -5.97111 5
      vertex 1.17054 5.88471 5
      vertex 1.17054 -5.88471 5
    endloop
  endfacet
  facet normal 0 0 -1
    outer loop
      vertex 0.588102 -5.97111 5
      vertex 0.588102 5.97111 5
      vertex 1.17054 5.88471 5
    endloop
  endfacet
  facet normal 0 0 -1
    outer loop
      vertex 0 -6 5
      vertex 0.588102 5.97111 5
      vertex 0.588102 -5.97111 5
    endloop
  endfacet
  facet normal 0 0 -1
    outer loop
      vertex 0 -6 5
      vertex 0 6 5
      vertex 0.588102 5.97111 5
    endloop
  endfacet
  facet normal 0 0 -1
    outer loop
      vertex -0.588102 -5.97111 5
      vertex 0 6 5
      vertex 0 -6 5
    endloop
  endfacet
  facet normal 0 0 -1
    outer loop
      vertex -0.588102 -5.97111 5
      vertex -0.588102 5.97111 5
      vertex 0 6 5
    endloop
  endfacet
  facet normal 0 0 -1
    outer loop
      vertex -1.17054 -5.88471 5
      vertex -0.588102 5.97111 5
      vertex -0.588102 -5.97111 5
    endloop
  endfacet
  facet normal 0 0 -1
    outer loop
      vertex -1.17054 -5.88471 5
      vertex -1.17054 5.88471 5
      vertex -0.588102 5.97111 5
    endloop
  endfacet
  facet normal 0 0 -1
    outer loop
      vertex -1.74171 -5.74164 5
      vertex -1.17054 5.88471 5
      vertex -1.17054 -5.88471 5
    endloop
  endfacet
  facet normal 0 0 -1
    outer loop
      vertex -1.74171 -5.74164 5
      vertex -1.74171 5.74164 5
      vertex -1.17054 5.88471 5
    endloop
  endfacet
  facet normal 0 0 -1
    outer loop
      vertex -2.2961 -5.54328 5
      vertex -1.74171 5.74164 5
      vertex -1.74171 -5.74164 5
    endloop
  endfacet
  facet normal 0 0 -1
    outer loop
      vertex -2.2961 -5.54328 5
      vertex -2.2961 5.54328 5
      vertex -1.74171 5.74164 5
    endloop
  endfacet
  facet normal 0 0 -1
    outer loop
      vertex -2.82838 -5.29153 5
      vertex -2.2961 5.54328 5
      vertex -2.2961 -5.54328 5
    endloop
  endfacet
  facet normal 0 0 -1
    outer loop
      vertex -2.82838 -5.29153 5
      vertex -2.82838 5.29153 5
      vertex -2.2961 5.54328 5
    endloop
  endfacet
  facet normal 0 0 -1
    outer loop
      vertex -3.33342 -4.98882 5
      vertex -2.82838 5.29153 5
      vertex -2.82838 -5.29153 5
    endloop
  endfacet
  facet normal 0 0 -1
    outer loop
      vertex -3.33342 -4.98882 5
      vertex -3.33342 4.98882 5
      vertex -2.82838 5.29153 5
    endloop
  endfacet
  facet normal 0 0 -1
    outer loop
      vertex -3.80636 -4.63806 5
      vertex -3.33342 4.98882 5
      vertex -3.33342 -4.98882 5
    endloop
  endfacet
  facet normal 0 0 -1
    outer loop
      vertex -3.80636 -4.63806 5
      vertex -3.80636 4.63806 5
      vertex -3.33342 4.98882 5
    endloop
  endfacet
  facet normal 0 0 -1
    outer loop
      vertex -4.24264 -4.24264 5
      vertex -3.80636 4.63806 5
      vertex -3.80636 -4.63806 5
    endloop
  endfacet
  facet normal 0 0 -1
    outer loop
      vertex -4.24264 -4.24264 5
      vertex -4.24264 4.24264 5
      vertex -3.80636 4.63806 5
    endloop
  endfacet
  facet normal 0 0 -1
    outer loop
      vertex -4.63806 -3.80636 5
      vertex -4.24264 4.24264 5
      vertex -4.24264 -4.24264 5
    endloop
  endfacet
  facet normal 0 0 -1
    outer loop
      vertex -4.63806 -3.80636 5
      vertex -4.63806 3.80636 5
      vertex -4.24264 4.24264 5
    endloop
  endfacet
  facet normal 0 0 -1
    outer loop
      vertex -4.98882 -3.33342 5
      vertex -4.63806 3.80636 5
      vertex -4.63806 -3.80636 5
    endloop
  endfacet
  facet normal 0 0 -1
    outer loop
      vertex -4.98882 -3.33342 5
      vertex -4.98882 3.33342 5
      vertex -4.63806 3.80636 5
    endloop
  endfacet
  facet normal 0 0 -1
    outer loop
      vertex -5.29153 -2.82838 5
      vertex -4.98882 3.33342 5
      vertex -4.98882 -3.33342 5
    endloop
  endfacet
  facet normal 0 0 -1
    outer loop
      vertex -5.29153 -2.82838 5
      vertex -5.29153 2.82838 5
      vertex -4.98882 3.33342 5
    endloop
  endfacet
  facet normal 0 0 -1
    outer loop
      vertex -5.54328 -2.2961 5
      vertex -5.29153 2.82838 5
      vertex -5.29153 -2.82838 5
    endloop
  endfacet
  facet normal 0 0 -1
    outer loop
      vertex -5.54328 -2.2961 5
      vertex -5.54328 2.2961 5
      vertex -5.29153 2.82838 5
    endloop
  endfacet
  facet normal 0 0 -1
    outer loop
      vertex -5.74164 -1.74171 5
      vertex -5.54328 2.2961 5
      vertex -5.54328 -2.2961 5
    endloop
  endfacet
  facet normal 0 0 -1
    outer loop
      vertex -5.74164 -1.74171 5
      vertex -5.74164 1.74171 5
      vertex -5.54328 2.2961 5
    endloop
  endfacet
  facet normal 0 0 -1
    outer loop
      vertex -5.88471 -1.17054 5
      vertex -5.74164 1.74171 5
      vertex -5.74164 -1.74171 5
    endloop
  endfacet
  facet normal 0 0 -1
    outer loop
      vertex -5.88471 -1.17054 5
      vertex -5.88471 1.17054 5
      vertex -5.74164 1.74171 5
    endloop
  endfacet
  facet normal 0 0 -1
    outer loop
      vertex -5.97111 -0.588102 5
      vertex -5.88471 1.17054 5
      vertex -5.88471 -1.17054 5
    endloop
  endfacet
  facet normal 0 0 -1
    outer loop
      vertex -5.97111 -0.588102 5
      vertex -5.97111 0.588102 5
      vertex -5.88471 1.17054 5
    endloop
  endfacet
  facet normal 0 -0 -1
    outer loop
      vertex -5.97111 0.588102 5
      vertex -5.97111 -0.588102 5
      vertex -6 0 5
    endloop
  endfacet
  facet normal 0 0 1
    outer loop
      vertex 5.97111 0.588102 125
      vertex 5.97111 -0.588102 125
      vertex 6 0 125
    endloop
  endfacet
  facet normal 0 0 1
    outer loop
      vertex 5.88471 1.17054 125
      vertex 5.97111 -0.588102 125
      vertex 5.97111 0.588102 125
    endloop
  endfacet
  facet normal 0 0 1
    outer loop
      vertex 5.88471 1.17054 125
      vertex 5.88471 -1.17054 125
      vertex 5.97111 -0.588102 125
    endloop
  endfacet
  facet normal 0 0 1
    outer loop
      vertex 5.74164 1.74171 125
      vertex 5.88471 -1.17054 125
      vertex 5.88471 1.17054 125
    endloop
  endfacet
  facet normal 0 0 1
    outer loop
      vertex 5.74164 1.74171 125
      vertex 5.74164 -1.74171 125
      vertex 5.88471 -1.17054 125
    endloop
  endfacet
  facet normal 0 0 1
    outer loop
      vertex 5.54328 2.2961 125
      vertex 5.74164 -1.74171 125
      vertex 5.74164 1.74171 125
    endloop
  endfacet
  facet normal 0 0 1
    outer loop
      vertex 5.54328 2.2961 125
      vertex 5.54328 -2.2961 125
      vertex 5.74164 -1.74171 125
    endloop
  endfacet
  facet normal 0 0 1
    outer loop
      vertex 5.29153 2.82838 125
      vertex 5.54328 -2.2961 125
      vertex 5.54328 2.2961 125
    endloop
  endfacet
  facet normal 0 0 1
    outer loop
      vertex 5.29153 2.82838 125
      vertex 5.29153 -2.82838 125
      vertex 5.54328 -2.2961 125
    endloop
  endfacet
  facet normal 0 0 1
    outer loop
      vertex 4.98882 3.33342 125
      vertex 5.29153 -2.82838 125
      vertex 5.29153 2.82838 125
    endloop
  endfacet
  facet normal 0 0 1
    outer loop
      vertex 4.98882 3.33342 125
      vertex 4.98882 -3.33342 125
      vertex 5.29153 -2.82838 125
    endloop
  endfacet
  facet normal 0 0 1
    outer loop
      vertex 4.63806 3.80636 125
      vertex 4.98882 -3.33342 125
      vertex 4.98882 3.33342 125
    endloop
  endfacet
  facet normal 0 0 1
    outer loop
      vertex 4.63806 3.80636 125
      vertex 4.63806 -3.80636 125
      vertex 4.98882 -3.33342 125
    endloop
  endfacet
  facet normal 0 0 1
    outer loop
      vertex 4.24264 4.24264 125
      vertex 4.63806 -3.80636 125
      vertex 4.63806 3.80636 125
    endloop
  endfacet
  facet normal 0 0 1
    outer loop
      vertex 4.24264 4.24264 125
      vertex 4.24264 -4.24264 125
      vertex 4.63806 -3.80636 125
    endloop
  endfacet
  facet normal 0 0 1
    outer loop
      vertex 3.80636 4.63806 125
      vertex 4.24264 -4.24264 125
      vertex 4.24264 4.24264 125
    endloop
  endfacet
  facet normal 0 0 1
    outer loop
      vertex 3.80636 4.63806 125
      vertex 3.80636 -4.63806 125
      vertex 4.24264 -4.24264 125
    endloop
  endfacet
  facet normal 0 0 1
    outer loop
      vertex 3.33342 4.98882 125
      vertex 3.80636 -4.63806 125
      vertex 3.80636 4.63806 125
    endloop
  endfacet
  facet normal 0 0 1
    outer loop
      vertex 3.33342 4.98882 125
      vertex 3.33342 -4.98882 125
      vertex 3.80636 -4.63806 125
    endloop
  endfacet
  facet normal 0 0 1
    outer loop
      vertex 2.82838 5.29153 125
      vertex 3.33342 -4.98882 125
      vertex 3.33342 4.98882 125
    endloop
  endfacet
  facet normal 0 0 1
    outer loop
      vertex 2.82838 5.29153 125
      vertex 2.82838 -5.29153 125
      vertex 3.33342 -4.98882 125
    endloop
  endfacet
  facet normal 0 0 1
    outer loop
      vertex 2.2961 5.54328 125
      vertex 2.82838 -5.29153 125
      vertex 2.82838 5.29153 125
    endloop
  endfacet
  facet normal 0 0 1
    outer loop
      vertex 2.2961 5.54328 125
      vertex 2.2961 -5.54328 125
      vertex 2.82838 -5.29153 125
    endloop
  endfacet
  facet normal 0 0 1
    outer loop
      vertex 1.74171 5.74164 125
      vertex 2.2961 -5.54328 125
      vertex 2.2961 5.54328 125
    endloop
  endfacet
  facet normal 0 0 1
    outer loop
      vertex 1.74171 5.74164 125
      vertex 1.74171 -5.74164 125
      vertex 2.2961 -5.54328 125
    endloop
  endfacet
  facet normal 0 0 1
    outer loop
      vertex 1.17054 5.88471 125
      vertex 1.74171 -5.74164 125
      vertex 1.74171 5.74164 125
    endloop
  endfacet
  facet normal 0 0 1
    outer loop
      vertex 1.17054 5.88471 125
      vertex 1.17054 -5.88471 125
      vertex 1.74171 -5.74164 125
    endloop
  endfacet
  facet normal 0 0 1
    outer loop
      vertex 0.588102 5.97111 125
      vertex 1.17054 -5.88471 125
      vertex 1.17054 5.88471 125
    endloop
  endfacet
  facet normal 0 0 1
    outer loop
      vertex 0.588102 5.97111 125
      vertex 0.588102 -5.97111 125
      vertex 1.17054 -5.88471 125
    endloop
  endfacet
  facet normal 0 0 1
    outer loop
      vertex 0 6 125
      vertex 0.588102 -5.97111 125
      vertex 0.588102 5.97111 125
    endloop
  endfacet
  facet normal 0 0 1
    outer loop
      vertex 0 6 125
      vertex 0 -6 125
      vertex 0.588102 -5.97111 125
    endloop
  endfacet
  facet normal -0 0 1
    outer loop
      vertex -0.588102 5.97111 125
      vertex 0 -6 125
      vertex 0 6 125
    endloop
  endfacet
  facet normal 0 0 1
    outer loop
      vertex -0.588102 5.97111 125
      vertex -0.588102 -5.97111 125
      vertex 0 -6 125
    endloop
  endfacet
  facet normal -0 0 1
    outer loop
      vertex -1.17054 5.88471 125
      vertex -0.588102 -5.97111 125
      vertex -0.588102 5.97111 125
    endloop
  endfacet
  facet normal 0 0 1
    outer loop
      vertex -1.17054 5.88471 125
      vertex -1.17054 -5.88471 125
      vertex -0.588102 -5.97111 125
    endloop
  endfacet
  facet normal -0 0 1
    outer loop
      vertex -1.74171 5.74164 125
      vertex -1.17054 -5.88471 125
      vertex -1.17054 5.88471 125
    endloop
  endfacet
  facet normal 0 0 1
    outer loop
      vertex -1.74171 5.74164 125
      vertex -1.74171 -5.74164 125
      vertex -1.17054 -5.88471 125
    endloop
  endfacet
  facet normal -0 0 1
    outer loop
      vertex -2.2961 5.54328 125
      vertex -1.74171 -5.74164 125
      vertex -1.74171 5.74164 125
    endloop
  endfacet
  facet normal 0 0 1
    outer loop
      vertex -2.2961 5.54328 125
      vertex -2.2961 -5.54328 125
      vertex -1.74171 -5.74164 125
    endloop
  endfacet
  facet normal -0 0 1
    outer loop
      vertex -2.82838 5.29153 125
      vertex -2.2961 -5.54328 125
      vertex -2.2961 5.54328 125
    endloop
  endfacet
  facet normal 0 0 1
    outer loop
      vertex -2.82838 5.29153 125
      vertex -2.82838 -5.29153 125
      vertex -2.2961 -5.54328 125
    endloop
  endfacet
  facet normal -0 0 1
    outer loop
      vertex -3.33342 4.98882 125
      vertex -2.82838 -5.29153 125
      vertex -2.82838 5.29153 125
    endloop
  endfacet
  facet normal 0 0 1
    outer loop
      vertex -3.33342 4.98882 125
      vertex -3.33342 -4.98882 125
      vertex -2.82838 -5.29153 125
    endloop
  endfacet
  facet normal -0 0 1
    outer loop
      vertex -3.80636 4.63806 125
      vertex -3.33342 -4.98882 125
      vertex -3.33342 4.98882 125
    endloop
  endfacet
  facet normal 0 0 1
    outer loop
      vertex -3.80636 4.63806 125
      vertex -3.80636 -4.63806 125
      vertex -3.33342 -4.98882 125
    endloop
  endfacet
  facet normal -0 0 1
    outer loop
      vertex -4.24264 4.24264 125
      vertex -3.80636 -4.63806 125
      vertex -3.80636 4.63806 125
    endloop
  endfacet
  facet normal 0 0 1
    outer loop
      vertex -4.24264 4.24264 125
      vertex -4.24264 -4.24264 125
      vertex -3.80636 -4.63806 125
    endloop
  endfacet
  facet normal -0 0 1
    outer loop
      vertex -4.63806 3.80636 125
      vertex -4.24264 -4.24264 125
      vertex -4.24264 4.24264 125
    endloop
  endfacet
  facet normal 0 0 1
    outer loop
      vertex -4.63806 3.80636 125
      vertex -4.63806 -3.80636 125
      vertex -4.24264 -4.24264 125
    endloop
  endfacet
  facet normal -0 0 1
    outer loop
      vertex -4.98882 3.33342 125
      vertex -4.63806 -3.80636 125
      vertex -4.63806 3.80636 125
    endloop
  endfacet
  facet normal 0 0 1
    outer loop
      vertex -4.98882 3.33342 125
      vertex -4.98882 -3.33342 125
      vertex -4.63806 -3.80636 125
    endloop
  endfacet
  facet normal -0 0 1
    outer loop
      vertex -5.29153 2.82838 125
      vertex -4.98882 -3.33342 125
      vertex -4.98882 3.33342 125
    endloop
  endfacet
  facet normal 0 0 1
    outer loop
      vertex -5.29153 2.82838 125
      vertex -5.29153 -2.82838 125
      vertex -4.98882 -3.33342 125
    endloop
  endfacet
  facet normal -0 0 1
    outer loop
      vertex -5.54328 2.2961 125
      vertex -5.29153 -2.82838 125
      vertex -5.29153 2.82838 125
    endloop
  endfacet
  facet normal 0 0 1
    outer loop
      vertex -5.54328 2.2961 125
      vertex -5.54328 -2.2961 125
      vertex -5.29153 -2.82838 125
    endloop
  endfacet
  facet normal -0 0 1
    outer loop
      vertex -5.74164 1.74171 125
      vertex -5.54328 -2.2961 125
      vertex -5.54328 2.2961 125
    endloop
  endfacet
  facet normal 0 0 1
    outer loop
      vertex -5.74164 1.74171 125
      vertex -5.74164 -1.74171 125
      vertex -5.54328 -2.2961 125
    endloop
  endfacet
  facet normal -0 0 1
    outer loop
      vertex -5.88471 1.17054 125
      vertex -5.74164 -1.74171 125
      vertex -5.74164 1.74171 125
    endloop
  endfacet
  facet normal 0 0 1
    outer loop
      vertex -5.88471 1.17054 125
      vertex -5.88471 -1.17054 125
      vertex -5.74164 -1.74171 125
    endloop
  endfacet
  facet normal -0 0 1
    outer loop
      vertex -5.97111 0.588102 125
      vertex -5.88471 -1.17054 125
      vertex -5.88471 1.17054 125
    endloop
  endfacet
  facet normal 0 0 1
    outer loop
      vertex -5.97111 0.588102 125
      vertex -5.97111 -0.588102 125
      vertex -5.88471 -1.17054 125
    endloop
  endfacet
  facet normal 0 -0 1
    outer loop
      vertex -5.97111 -0.588102 125
      vertex -5.97111 0.588102 125
      vertex -6 0 125
    endloop
  endfacet
endsolid OpenSCAD_Model
